,station,date,tobs
0,USC00519397,2016-05-14,77.0
1,USC00519397,2016-05-15,78.0
2,USC00519397,2016-05-16,77.0
3,USC00519397,2016-05-17,78.0
4,USC00519397,2016-05-18,79.0
5,USC00519397,2016-05-19,78.0
6,USC00519397,2016-05-20,77.0
7,USC00519397,2016-05-21,76.0
8,USC00519397,2016-05-22,78.0
9,USC00519397,2016-05-23,79.0
10,USC00519397,2016-05-24,77.0
11,USC00519397,2016-05-25,77.0
12,USC00519397,2016-05-26,76.0
13,USC00519397,2016-05-27,79.0
14,USC00519397,2016-05-28,75.0
15,USC00519397,2016-05-29,73.0
16,USC00519397,2016-05-30,71.0
17,USC00519397,2016-05-31,74.0
18,USC00519397,2016-06-01,76.0
19,USC00519397,2016-06-02,71.0
20,USC00519397,2016-06-03,71.0
21,USC00519397,2016-06-04,74.0
22,USC00519397,2016-06-05,76.0
23,USC00519397,2016-06-06,78.0
24,USC00519397,2016-06-07,77.0
25,USC00519397,2016-06-08,77.0
26,USC00519397,2016-06-09,73.0
27,USC00519397,2016-06-10,77.0
28,USC00519397,2016-06-11,78.0
29,USC00519397,2016-06-12,78.0
30,USC00519397,2016-06-13,80.0
31,USC00519397,2016-06-14,79.0
32,USC00519397,2016-06-15,78.0
33,USC00519397,2016-06-16,77.0
34,USC00519397,2016-06-17,76.0
35,USC00519397,2016-06-18,77.0
36,USC00519397,2016-06-19,77.0
37,USC00519397,2016-06-20,78.0
38,USC00519397,2016-06-21,80.0
39,USC00519397,2016-06-22,79.0
40,USC00519397,2016-06-23,79.0
41,USC00519397,2016-06-24,77.0
42,USC00519397,2016-06-25,78.0
43,USC00519397,2016-06-26,79.0
44,USC00519397,2016-06-27,80.0
45,USC00519397,2016-06-28,76.0
46,USC00519397,2016-06-29,79.0
47,USC00519397,2016-06-30,80.0
48,USC00519397,2016-07-01,79.0
49,USC00519397,2016-07-02,79.0
50,USC00519397,2016-07-03,77.0
51,USC00519397,2016-07-04,79.0
52,USC00519397,2016-07-05,78.0
53,USC00519397,2016-07-06,78.0
54,USC00519397,2016-07-07,80.0
55,USC00519397,2016-07-08,80.0
56,USC00519397,2016-07-09,80.0
57,USC00519397,2016-07-10,78.0
58,USC00519397,2016-07-11,72.0
59,USC00519397,2016-07-12,80.0
60,USC00519397,2016-07-13,79.0
61,USC00519397,2016-07-14,79.0
62,USC00519397,2016-07-15,78.0
63,USC00519397,2016-07-16,78.0
64,USC00519397,2016-07-17,78.0
65,USC00519397,2016-07-18,76.0
66,USC00519397,2016-07-19,78.0
67,USC00519397,2016-07-20,78.0
68,USC00519397,2016-07-21,78.0
69,USC00519397,2016-07-22,76.0
70,USC00519397,2016-07-23,78.0
71,USC00519397,2016-07-24,79.0
72,USC00519397,2016-07-25,78.0
73,USC00519397,2016-07-26,80.0
74,USC00519397,2016-07-27,80.0
75,USC00519397,2016-07-28,80.0
76,USC00519397,2016-07-29,79.0
77,USC00519397,2016-07-30,78.0
78,USC00519397,2016-07-31,76.0
79,USC00519397,2016-08-01,77.0
80,USC00519397,2016-08-02,78.0
81,USC00519397,2016-08-03,80.0
82,USC00519397,2016-08-04,80.0
83,USC00519397,2016-08-05,80.0
84,USC00519397,2016-08-06,80.0
85,USC00519397,2016-08-07,77.0
86,USC00519397,2016-08-08,81.0
87,USC00519397,2016-08-09,80.0
88,USC00519397,2016-08-10,80.0
89,USC00519397,2016-08-11,80.0
90,USC00519397,2016-08-12,79.0
91,USC00519397,2016-08-13,79.0
92,USC00519397,2016-08-14,79.0
93,USC00519397,2016-08-15,79.0
94,USC00519397,2016-08-16,80.0
95,USC00519397,2016-08-17,78.0
96,USC00519397,2016-08-18,80.0
97,USC00519397,2016-08-19,77.0
98,USC00519397,2016-08-20,80.0
99,USC00519397,2016-08-21,76.0
100,USC00519397,2016-08-22,77.0
101,USC00519397,2016-08-23,81.0
102,USC00519397,2016-08-24,79.0
103,USC00519397,2016-08-25,80.0
104,USC00519397,2016-08-26,79.0
105,USC00519397,2016-08-27,77.0
106,USC00519397,2016-08-28,78.0
107,USC00519397,2016-08-29,78.0
108,USC00519397,2016-08-30,79.0
109,USC00519397,2016-08-31,80.0
110,USC00519397,2016-09-01,81.0
111,USC00519397,2016-09-02,80.0
112,USC00519397,2016-09-03,79.0
113,USC00519397,2016-09-04,75.0
114,USC00519397,2016-09-05,79.0
115,USC00519397,2016-09-06,76.0
116,USC00519397,2016-09-07,76.0
117,USC00519397,2016-09-08,80.0
118,USC00519397,2016-09-09,79.0
119,USC00519397,2016-09-10,78.0
120,USC00519397,2016-09-11,76.0
121,USC00519397,2016-09-12,78.0
122,USC00519397,2016-09-13,78.0
123,USC00519397,2016-09-14,75.0
124,USC00519397,2016-09-15,79.0
125,USC00519397,2016-09-16,80.0
126,USC00519397,2016-09-17,79.0
127,USC00519397,2016-09-18,81.0
128,USC00519397,2016-09-19,77.0
129,USC00519397,2016-09-20,77.0
130,USC00519397,2016-09-21,78.0
131,USC00519397,2016-09-22,76.0
132,USC00519397,2016-09-23,82.0
133,USC00519397,2016-09-24,81.0
134,USC00519397,2016-09-25,78.0
135,USC00519397,2016-09-26,80.0
136,USC00519397,2016-09-27,80.0
137,USC00519397,2016-09-28,79.0
138,USC00519397,2016-09-29,80.0
139,USC00519397,2016-09-30,80.0
140,USC00519397,2016-10-01,80.0
141,USC00519397,2016-10-02,79.0
142,USC00519397,2016-10-03,79.0
143,USC00519397,2016-10-04,79.0
144,USC00519397,2016-10-05,80.0
145,USC00519397,2016-10-06,80.0
146,USC00519397,2016-10-07,79.0
147,USC00519397,2016-10-08,78.0
148,USC00519397,2016-10-09,76.0
149,USC00519397,2016-10-10,75.0
150,USC00519397,2016-10-11,80.0
151,USC00519397,2016-10-12,80.0
152,USC00519397,2016-10-13,79.0
153,USC00519397,2016-10-14,80.0
154,USC00519397,2016-10-15,79.0
155,USC00519397,2016-10-16,78.0
156,USC00519397,2016-10-17,78.0
157,USC00519397,2016-10-18,80.0
158,USC00519397,2016-10-19,81.0
159,USC00519397,2016-10-20,79.0
160,USC00519397,2016-10-21,77.0
161,USC00519397,2016-10-22,79.0
162,USC00519397,2016-10-23,78.0
163,USC00519397,2016-10-24,77.0
164,USC00519397,2016-10-25,77.0
165,USC00519397,2016-10-26,78.0
166,USC00519397,2016-10-27,77.0
167,USC00519397,2016-10-28,78.0
168,USC00519397,2016-10-29,77.0
169,USC00519397,2016-10-30,76.0
170,USC00519397,2016-10-31,77.0
171,USC00519397,2016-11-01,77.0
172,USC00519397,2016-11-02,77.0
173,USC00519397,2016-11-03,77.0
174,USC00519397,2016-11-04,77.0
175,USC00519397,2016-11-05,76.0
176,USC00519397,2016-11-06,75.0
177,USC00519397,2016-11-07,71.0
178,USC00519397,2016-11-08,71.0
179,USC00519397,2016-11-09,71.0
180,USC00519397,2016-11-10,71.0
181,USC00519397,2016-11-11,72.0
182,USC00519397,2016-11-12,71.0
183,USC00519397,2016-11-13,72.0
184,USC00519397,2016-11-14,77.0
185,USC00519397,2016-11-15,77.0
186,USC00519397,2016-11-16,77.0
187,USC00519397,2016-11-17,77.0
188,USC00519397,2016-11-18,77.0
189,USC00519397,2016-11-19,75.0
190,USC00519397,2016-11-20,76.0
191,USC00519397,2016-11-21,76.0
192,USC00519397,2016-11-22,75.0
193,USC00519397,2016-11-23,72.0
194,USC00519397,2016-11-24,74.0
195,USC00519397,2016-11-25,75.0
196,USC00519397,2016-11-26,73.0
197,USC00519397,2016-11-27,76.0
198,USC00519397,2016-11-28,75.0
199,USC00519397,2016-11-29,68.0
200,USC00519397,2016-11-30,75.0
201,USC00519397,2016-12-01,75.0
202,USC00519397,2016-12-02,72.0
203,USC00519397,2016-12-03,69.0
204,USC00519397,2016-12-04,71.0
205,USC00519397,2016-12-05,68.0
206,USC00519397,2016-12-06,67.0
207,USC00519397,2016-12-07,69.0
208,USC00519397,2016-12-08,73.0
209,USC00519397,2016-12-09,70.0
210,USC00519397,2016-12-10,70.0
211,USC00519397,2016-12-11,70.0
212,USC00519397,2016-12-12,66.0
213,USC00519397,2016-12-13,67.0
214,USC00519397,2016-12-14,70.0
215,USC00519397,2016-12-15,66.0
216,USC00519397,2016-12-16,62.0
217,USC00519397,2016-12-17,71.0
218,USC00519397,2016-12-18,73.0
219,USC00519397,2016-12-19,69.0
220,USC00519397,2016-12-20,77.0
221,USC00519397,2016-12-21,74.0
222,USC00519397,2016-12-22,71.0
223,USC00519397,2016-12-23,72.0
224,USC00519397,2016-12-24,74.0
225,USC00519397,2016-12-25,74.0
226,USC00519397,2016-12-26,74.0
227,USC00519397,2016-12-27,74.0
228,USC00519397,2016-12-28,71.0
229,USC00519397,2016-12-29,73.0
230,USC00519397,2016-12-30,69.0
231,USC00519397,2016-12-31,66.0
232,USC00519397,2017-01-01,62.0
233,USC00519397,2017-01-02,66.0
234,USC00519397,2017-01-03,63.0
235,USC00519397,2017-01-04,62.0
236,USC00519397,2017-01-05,63.0
237,USC00519397,2017-01-06,64.0
238,USC00519397,2017-01-07,66.0
239,USC00519397,2017-01-08,60.0
240,USC00519397,2017-01-09,64.0
241,USC00519397,2017-01-10,63.0
242,USC00519397,2017-01-11,78.0
243,USC00519397,2017-01-12,67.0
244,USC00519397,2017-01-13,67.0
245,USC00519397,2017-01-14,65.0
246,USC00519397,2017-01-15,66.0
247,USC00519397,2017-01-16,67.0
248,USC00519397,2017-01-17,66.0
249,USC00519397,2017-01-18,72.0
250,USC00519397,2017-01-19,73.0
251,USC00519397,2017-01-20,71.0
252,USC00519397,2017-01-21,72.0
253,USC00519397,2017-01-22,72.0
254,USC00519397,2017-01-23,72.0
255,USC00519397,2017-01-24,69.0
256,USC00519397,2017-01-25,72.0
257,USC00519397,2017-01-26,71.0
258,USC00519397,2017-01-27,65.0
259,USC00519397,2017-01-28,64.0
260,USC00519397,2017-01-29,67.0
261,USC00519397,2017-01-30,67.0
262,USC00519397,2017-01-31,68.0
263,USC00519397,2017-02-01,70.0
264,USC00519397,2017-02-02,61.0
265,USC00519397,2017-02-03,65.0
266,USC00519397,2017-02-04,72.0
267,USC00519397,2017-02-05,73.0
268,USC00519397,2017-02-06,76.0
269,USC00519397,2017-02-07,64.0
270,USC00519397,2017-02-08,62.0
271,USC00519397,2017-02-09,61.0
272,USC00519397,2017-02-10,71.0
273,USC00519397,2017-02-11,69.0
274,USC00519397,2017-02-12,68.0
275,USC00519397,2017-02-13,74.0
276,USC00519397,2017-02-14,75.0
277,USC00519397,2017-02-15,75.0
278,USC00519397,2017-02-16,71.0
279,USC00519397,2017-02-17,71.0
280,USC00519397,2017-02-18,68.0
281,USC00519397,2017-02-19,69.0
282,USC00519397,2017-02-20,71.0
283,USC00519397,2017-02-21,70.0
284,USC00519397,2017-02-22,72.0
285,USC00519397,2017-02-23,74.0
286,USC00519397,2017-02-24,70.0
287,USC00519397,2017-02-25,64.0
288,USC00519397,2017-02-26,65.0
289,USC00519397,2017-02-27,72.0
290,USC00519397,2017-02-28,74.0
291,USC00519397,2017-03-01,66.0
292,USC00519397,2017-03-02,73.0
293,USC00519397,2017-03-03,69.0
294,USC00519397,2017-03-04,74.0
295,USC00519397,2017-03-05,71.0
296,USC00519397,2017-03-06,69.0
297,USC00519397,2017-03-07,68.0
298,USC00519397,2017-03-08,71.0
299,USC00519397,2017-03-09,72.0
300,USC00519397,2017-03-10,68.0
301,USC00519397,2017-03-11,71.0
302,USC00519397,2017-03-12,74.0
303,USC00519397,2017-03-13,71.0
304,USC00519397,2017-03-14,71.0
305,USC00519397,2017-03-15,71.0
306,USC00519397,2017-03-16,70.0
307,USC00519397,2017-03-17,72.0
308,USC00519397,2017-03-18,69.0
309,USC00519397,2017-03-19,73.0
310,USC00519397,2017-03-20,75.0
311,USC00519397,2017-03-21,75.0
312,USC00519397,2017-03-22,74.0
313,USC00519397,2017-03-23,70.0
314,USC00519397,2017-03-24,73.0
315,USC00519397,2017-03-25,76.0
316,USC00519397,2017-03-26,76.0
317,USC00519397,2017-03-27,75.0
318,USC00519397,2017-03-28,77.0
319,USC00519397,2017-03-29,76.0
320,USC00519397,2017-03-30,77.0
321,USC00519397,2017-03-31,76.0
322,USC00519397,2017-04-01,76.0
323,USC00519397,2017-04-02,76.0
324,USC00519397,2017-04-03,77.0
325,USC00519397,2017-04-04,76.0
326,USC00519397,2017-04-05,78.0
327,USC00519397,2017-04-06,77.0
328,USC00519397,2017-04-07,77.0
329,USC00519397,2017-04-08,77.0
330,USC00519397,2017-04-09,72.0
331,USC00519397,2017-04-10,75.0
332,USC00519397,2017-04-11,79.0
333,USC00519397,2017-04-12,78.0
334,USC00519397,2017-04-13,77.0
335,USC00519397,2017-04-14,75.0
336,USC00519397,2017-04-15,73.0
337,USC00519397,2017-04-16,74.0
338,USC00519397,2017-04-17,74.0
339,USC00519397,2017-04-18,75.0
340,USC00519397,2017-04-19,74.0
341,USC00519397,2017-04-20,78.0
342,USC00519397,2017-04-21,73.0
343,USC00519397,2017-04-22,76.0
344,USC00519397,2017-04-23,77.0
345,USC00519397,2017-04-24,77.0
346,USC00519397,2017-04-25,77.0
347,USC00519397,2017-04-26,77.0
348,USC00519397,2017-04-27,78.0
349,USC00519397,2017-04-28,76.0
350,USC00519397,2017-04-29,72.0
351,USC00519397,2017-04-30,63.0
352,USC00519397,2017-05-01,75.0
353,USC00519397,2017-05-02,78.0
354,USC00519397,2017-05-03,78.0
355,USC00519397,2017-05-04,78.0
356,USC00519397,2017-05-05,79.0
357,USC00519397,2017-05-06,79.0
358,USC00519397,2017-05-07,79.0
359,USC00519397,2017-05-08,77.0
360,USC00519397,2017-05-10,78.0
361,USC00519397,2017-05-11,78.0
362,USC00519397,2017-05-12,79.0
363,USC00513117,2016-05-14,72.0
364,USC00513117,2016-05-15,74.0
365,USC00513117,2016-05-16,75.0
366,USC00513117,2016-05-17,75.0
367,USC00513117,2016-05-18,74.0
368,USC00513117,2016-05-19,75.0
369,USC00513117,2016-05-20,75.0
370,USC00513117,2016-05-21,75.0
371,USC00513117,2016-05-22,75.0
372,USC00513117,2016-05-23,75.0
373,USC00513117,2016-05-24,75.0
374,USC00513117,2016-05-25,74.0
375,USC00513117,2016-05-26,72.0
376,USC00513117,2016-05-27,76.0
377,USC00513117,2016-05-28,76.0
378,USC00513117,2016-05-29,71.0
379,USC00513117,2016-05-30,72.0
380,USC00513117,2016-05-31,72.0
381,USC00513117,2016-06-01,70.0
382,USC00513117,2016-06-02,69.0
383,USC00513117,2016-06-03,70.0
384,USC00513117,2016-06-04,68.0
385,USC00513117,2016-06-05,70.0
386,USC00513117,2016-06-06,74.0
387,USC00513117,2016-06-07,75.0
388,USC00513117,2016-06-08,74.0
389,USC00513117,2016-06-09,71.0
390,USC00513117,2016-06-10,73.0
391,USC00513117,2016-06-11,75.0
392,USC00513117,2016-06-12,74.0
393,USC00513117,2016-06-13,76.0
394,USC00513117,2016-06-14,76.0
395,USC00513117,2016-06-15,76.0
396,USC00513117,2016-06-16,76.0
397,USC00513117,2016-06-17,75.0
398,USC00513117,2016-06-18,75.0
399,USC00513117,2016-06-19,75.0
400,USC00513117,2016-06-20,74.0
401,USC00513117,2016-06-21,73.0
402,USC00513117,2016-06-22,76.0
403,USC00513117,2016-06-23,74.0
404,USC00513117,2016-06-24,78.0
405,USC00513117,2016-06-25,71.0
406,USC00513117,2016-06-26,75.0
407,USC00513117,2016-06-27,75.0
408,USC00513117,2016-06-28,74.0
409,USC00513117,2016-06-29,77.0
410,USC00513117,2016-06-30,77.0
411,USC00513117,2016-07-01,76.0
412,USC00513117,2016-07-02,77.0
413,USC00513117,2016-07-03,77.0
414,USC00513117,2016-07-04,76.0
415,USC00513117,2016-07-05,75.0
416,USC00513117,2016-07-06,74.0
417,USC00513117,2016-07-07,75.0
418,USC00513117,2016-07-08,76.0
419,USC00513117,2016-07-09,76.0
420,USC00513117,2016-07-10,75.0
421,USC00513117,2016-07-11,73.0
422,USC00513117,2016-07-12,77.0
423,USC00513117,2016-07-13,74.0
424,USC00513117,2016-07-14,75.0
425,USC00513117,2016-07-15,74.0
426,USC00513117,2016-07-16,75.0
427,USC00513117,2016-07-17,76.0
428,USC00513117,2016-07-18,76.0
429,USC00513117,2016-07-19,75.0
430,USC00513117,2016-07-20,78.0
431,USC00513117,2016-07-21,77.0
432,USC00513117,2016-07-22,77.0
433,USC00513117,2016-07-23,76.0
434,USC00513117,2016-07-24,78.0
435,USC00513117,2016-07-25,78.0
436,USC00513117,2016-07-26,77.0
437,USC00513117,2016-07-27,78.0
438,USC00513117,2016-07-28,78.0
439,USC00513117,2016-07-29,77.0
440,USC00513117,2016-07-30,76.0
441,USC00513117,2016-07-31,76.0
442,USC00513117,2016-08-01,76.0
443,USC00513117,2016-08-02,75.0
444,USC00513117,2016-08-03,76.0
445,USC00513117,2016-08-04,76.0
446,USC00513117,2016-08-05,78.0
447,USC00513117,2016-08-06,76.0
448,USC00513117,2016-08-07,77.0
449,USC00513117,2016-08-08,78.0
450,USC00513117,2016-08-09,77.0
451,USC00513117,2016-08-10,78.0
452,USC00513117,2016-08-11,77.0
453,USC00513117,2016-08-12,76.0
454,USC00513117,2016-08-13,77.0
455,USC00513117,2016-08-14,77.0
456,USC00513117,2016-08-15,77.0
457,USC00513117,2016-08-16,77.0
458,USC00513117,2016-08-17,73.0
459,USC00513117,2016-08-18,78.0
460,USC00513117,2016-08-19,77.0
461,USC00513117,2016-08-20,79.0
462,USC00513117,2016-08-21,76.0
463,USC00513117,2016-08-22,76.0
464,USC00513117,2016-08-23,76.0
465,USC00513117,2016-08-24,76.0
466,USC00513117,2016-08-25,77.0
467,USC00513117,2016-08-26,78.0
468,USC00513117,2016-08-27,73.0
469,USC00513117,2016-08-28,73.0
470,USC00513117,2016-08-29,78.0
471,USC00513117,2016-08-30,76.0
472,USC00513117,2016-08-31,77.0
473,USC00513117,2016-09-01,79.0
474,USC00513117,2016-09-02,78.0
475,USC00513117,2016-09-03,77.0
476,USC00513117,2016-09-04,75.0
477,USC00513117,2016-09-05,78.0
478,USC00513117,2016-09-06,74.0
479,USC00513117,2016-09-07,75.0
480,USC00513117,2016-09-08,77.0
481,USC00513117,2016-09-09,76.0
482,USC00513117,2016-09-10,76.0
483,USC00513117,2016-09-11,76.0
484,USC00513117,2016-09-12,76.0
485,USC00513117,2016-09-13,76.0
486,USC00513117,2016-09-14,76.0
487,USC00513117,2016-09-15,78.0
488,USC00513117,2016-09-16,78.0
489,USC00513117,2016-09-17,78.0
490,USC00513117,2016-09-18,78.0
491,USC00513117,2016-09-19,75.0
492,USC00513117,2016-09-20,78.0
493,USC00513117,2016-09-21,76.0
494,USC00513117,2016-09-22,77.0
495,USC00513117,2016-09-23,76.0
496,USC00513117,2016-09-24,79.0
497,USC00513117,2016-09-25,77.0
498,USC00513117,2016-09-26,77.0
499,USC00513117,2016-09-27,77.0
500,USC00513117,2016-09-28,77.0
501,USC00513117,2016-09-29,76.0
502,USC00513117,2016-09-30,77.0
503,USC00513117,2016-10-01,75.0
504,USC00513117,2016-10-02,77.0
505,USC00513117,2016-10-03,78.0
506,USC00513117,2016-10-04,78.0
507,USC00513117,2016-10-05,77.0
508,USC00513117,2016-10-06,76.0
509,USC00513117,2016-10-07,78.0
510,USC00513117,2016-10-08,76.0
511,USC00513117,2016-10-09,77.0
512,USC00513117,2016-10-10,75.0
513,USC00513117,2016-10-11,77.0
514,USC00513117,2016-10-12,75.0
515,USC00513117,2016-10-13,78.0
516,USC00513117,2016-10-14,77.0
517,USC00513117,2016-10-15,76.0
518,USC00513117,2016-10-16,75.0
519,USC00513117,2016-10-17,77.0
520,USC00513117,2016-10-18,77.0
521,USC00513117,2016-10-19,77.0
522,USC00513117,2016-10-20,76.0
523,USC00513117,2016-10-21,76.0
524,USC00513117,2016-10-22,77.0
525,USC00513117,2016-10-23,76.0
526,USC00513117,2016-10-24,76.0
527,USC00513117,2016-10-25,77.0
528,USC00513117,2016-10-26,74.0
529,USC00513117,2016-10-27,75.0
530,USC00513117,2016-10-28,77.0
531,USC00513117,2016-10-29,77.0
532,USC00513117,2016-10-30,78.0
533,USC00513117,2016-10-31,76.0
534,USC00513117,2016-11-01,77.0
535,USC00513117,2016-11-02,76.0
536,USC00513117,2016-11-03,74.0
537,USC00513117,2016-11-04,76.0
538,USC00513117,2016-11-05,72.0
539,USC00513117,2016-11-06,76.0
540,USC00513117,2016-11-07,69.0
541,USC00513117,2016-11-08,71.0
542,USC00513117,2016-11-09,70.0
543,USC00513117,2016-11-10,69.0
544,USC00513117,2016-11-11,71.0
545,USC00513117,2016-11-12,68.0
546,USC00513117,2016-11-13,72.0
547,USC00513117,2016-11-14,76.0
548,USC00513117,2016-11-15,78.0
549,USC00513117,2016-11-16,76.0
550,USC00513117,2016-11-17,75.0
551,USC00513117,2016-11-18,78.0
552,USC00513117,2016-11-19,73.0
553,USC00513117,2016-11-20,75.0
554,USC00513117,2016-11-21,75.0
555,USC00513117,2016-11-22,76.0
556,USC00513117,2016-11-23,75.0
557,USC00513117,2016-11-24,75.0
558,USC00513117,2016-11-25,76.0
559,USC00513117,2016-11-26,76.0
560,USC00513117,2016-11-27,75.0
561,USC00513117,2016-11-28,75.0
562,USC00513117,2016-11-29,74.0
563,USC00513117,2016-11-30,74.0
564,USC00513117,2016-12-01,73.0
565,USC00513117,2016-12-02,71.0
566,USC00513117,2016-12-03,71.0
567,USC00513117,2016-12-04,69.0
568,USC00513117,2016-12-05,68.0
569,USC00513117,2016-12-06,70.0
570,USC00513117,2016-12-07,71.0
571,USC00513117,2016-12-08,72.0
572,USC00513117,2016-12-09,70.0
573,USC00513117,2016-12-10,71.0
574,USC00513117,2016-12-11,72.0
575,USC00513117,2016-12-12,68.0
576,USC00513117,2016-12-13,68.0
577,USC00513117,2016-12-14,70.0
578,USC00513117,2016-12-15,70.0
579,USC00513117,2016-12-16,63.0
580,USC00513117,2016-12-17,71.0
581,USC00513117,2016-12-18,67.0
582,USC00513117,2016-12-19,69.0
583,USC00513117,2016-12-20,74.0
584,USC00513117,2016-12-21,72.0
585,USC00513117,2016-12-22,70.0
586,USC00513117,2016-12-23,69.0
587,USC00513117,2016-12-24,73.0
588,USC00513117,2016-12-25,74.0
589,USC00513117,2016-12-26,74.0
590,USC00513117,2016-12-27,73.0
591,USC00513117,2016-12-28,71.0
592,USC00513117,2016-12-29,72.0
593,USC00513117,2016-12-30,69.0
594,USC00513117,2016-12-31,71.0
595,USC00513117,2017-01-01,66.0
596,USC00513117,2017-01-02,66.0
597,USC00513117,2017-01-03,65.0
598,USC00513117,2017-01-04,64.0
599,USC00513117,2017-01-05,65.0
600,USC00513117,2017-01-06,70.0
601,USC00513117,2017-01-07,72.0
602,USC00513117,2017-01-08,62.0
603,USC00513117,2017-01-09,65.0
604,USC00513117,2017-01-10,66.0
605,USC00513117,2017-01-11,66.0
606,USC00513117,2017-01-12,67.0
607,USC00513117,2017-01-13,70.0
608,USC00513117,2017-01-14,66.0
609,USC00513117,2017-01-15,67.0
610,USC00513117,2017-01-16,69.0
611,USC00513117,2017-01-17,74.0
612,USC00513117,2017-01-18,73.0
613,USC00513117,2017-01-19,74.0
614,USC00513117,2017-01-20,73.0
615,USC00513117,2017-01-21,72.0
616,USC00513117,2017-01-22,71.0
617,USC00513117,2017-01-23,71.0
618,USC00513117,2017-01-24,71.0
619,USC00513117,2017-01-25,73.0
620,USC00513117,2017-01-26,72.0
621,USC00513117,2017-01-27,63.0
622,USC00513117,2017-01-28,71.0
623,USC00513117,2017-01-29,71.0
624,USC00513117,2017-01-30,69.0
625,USC00513117,2017-01-31,69.0
626,USC00513117,2017-02-01,69.0
627,USC00513117,2017-02-02,63.0
628,USC00513117,2017-02-03,64.0
629,USC00513117,2017-02-04,67.0
630,USC00513117,2017-02-05,75.0
631,USC00513117,2017-02-06,74.0
632,USC00513117,2017-02-07,67.0
633,USC00513117,2017-02-08,67.0
634,USC00513117,2017-02-09,64.0
635,USC00513117,2017-02-10,64.0
636,USC00513117,2017-02-11,65.0
637,USC00513117,2017-02-12,67.0
638,USC00513117,2017-02-13,69.0
639,USC00513117,2017-02-14,72.0
640,USC00513117,2017-02-15,76.0
641,USC00513117,2017-02-16,74.0
642,USC00513117,2017-02-17,67.0
643,USC00513117,2017-02-18,71.0
644,USC00513117,2017-02-19,70.0
645,USC00513117,2017-02-20,71.0
646,USC00513117,2017-02-21,70.0
647,USC00513117,2017-02-22,70.0
648,USC00513117,2017-02-23,70.0
649,USC00513117,2017-02-24,70.0
650,USC00513117,2017-02-25,63.0
651,USC00513117,2017-02-26,63.0
652,USC00513117,2017-02-27,66.0
653,USC00513117,2017-02-28,73.0
654,USC00513117,2017-03-01,72.0
655,USC00513117,2017-03-02,73.0
656,USC00513117,2017-03-03,73.0
657,USC00513117,2017-03-04,76.0
658,USC00513117,2017-03-05,70.0
659,USC00513117,2017-03-06,66.0
660,USC00513117,2017-03-07,65.0
661,USC00513117,2017-03-08,70.0
662,USC00513117,2017-03-09,67.0
663,USC00513117,2017-03-10,68.0
664,USC00513117,2017-03-11,68.0
665,USC00513117,2017-03-12,70.0
666,USC00513117,2017-03-13,70.0
667,USC00513117,2017-03-14,70.0
668,USC00513117,2017-03-15,71.0
669,USC00513117,2017-03-16,69.0
670,USC00513117,2017-03-17,69.0
671,USC00513117,2017-03-18,67.0
672,USC00513117,2017-03-19,72.0
673,USC00513117,2017-03-20,72.0
674,USC00513117,2017-03-21,73.0
675,USC00513117,2017-03-22,74.0
676,USC00513117,2017-03-23,74.0
677,USC00513117,2017-03-24,72.0
678,USC00513117,2017-03-25,72.0
679,USC00513117,2017-03-26,75.0
680,USC00513117,2017-03-27,74.0
681,USC00513117,2017-03-28,75.0
682,USC00513117,2017-03-29,73.0
683,USC00513117,2017-03-30,74.0
684,USC00513117,2017-03-31,74.0
685,USC00513117,2017-04-01,76.0
686,USC00513117,2017-04-02,74.0
687,USC00513117,2017-04-03,73.0
688,USC00513117,2017-04-04,72.0
689,USC00513117,2017-04-05,72.0
690,USC00513117,2017-04-06,73.0
691,USC00513117,2017-04-07,74.0
692,USC00513117,2017-04-08,73.0
693,USC00513117,2017-04-09,69.0
694,USC00513117,2017-04-10,71.0
695,USC00513117,2017-04-11,75.0
696,USC00513117,2017-04-12,74.0
697,USC00513117,2017-04-13,71.0
698,USC00513117,2017-04-14,70.0
699,USC00513117,2017-04-15,70.0
700,USC00513117,2017-04-16,69.0
701,USC00513117,2017-04-17,69.0
702,USC00513117,2017-04-18,70.0
703,USC00513117,2017-04-19,70.0
704,USC00513117,2017-04-20,75.0
705,USC00513117,2017-04-21,70.0
706,USC00513117,2017-04-22,74.0
707,USC00513117,2017-04-23,75.0
708,USC00513117,2017-04-24,76.0
709,USC00513117,2017-04-25,75.0
710,USC00513117,2017-04-26,78.0
711,USC00513117,2017-04-27,73.0
712,USC00513117,2017-04-28,70.0
713,USC00513117,2017-04-29,66.0
714,USC00513117,2017-04-30,61.0
715,USC00513117,2017-05-01,68.0
716,USC00513117,2017-05-02,73.0
717,USC00513117,2017-05-03,74.0
718,USC00513117,2017-05-04,77.0
719,USC00513117,2017-05-05,78.0
720,USC00513117,2017-05-06,75.0
721,USC00513117,2017-05-07,75.0
722,USC00513117,2017-05-08,71.0
723,USC00513117,2017-05-09,74.0
724,USC00513117,2017-05-10,75.0
725,USC00513117,2017-05-11,74.0
726,USC00513117,2017-05-12,74.0
727,USC00514830,2016-05-15,79.0
728,USC00514830,2016-05-16,78.0
729,USC00514830,2016-05-17,78.0
730,USC00514830,2016-05-18,74.0
731,USC00514830,2016-05-19,78.0
732,USC00514830,2016-05-20,78.0
733,USC00514830,2016-05-21,78.0
734,USC00514830,2016-05-22,79.0
735,USC00514830,2016-05-23,79.0
736,USC00514830,2016-05-24,78.0
737,USC00514830,2016-05-25,76.0
738,USC00514830,2016-05-26,78.0
739,USC00514830,2016-05-27,79.0
740,USC00514830,2016-05-28,79.0
741,USC00514830,2016-05-29,78.0
742,USC00514830,2016-05-30,74.0
743,USC00514830,2016-05-31,72.0
744,USC00514830,2016-06-01,71.0
745,USC00514830,2016-06-02,74.0
746,USC00514830,2016-06-03,75.0
747,USC00514830,2016-06-07,75.0
748,USC00514830,2016-06-08,74.0
749,USC00514830,2016-06-09,76.0
750,USC00514830,2016-06-10,75.0
751,USC00514830,2016-06-11,77.0
752,USC00514830,2016-06-12,77.0
753,USC00514830,2016-06-13,79.0
754,USC00514830,2016-06-14,79.0
755,USC00514830,2016-06-15,78.0
756,USC00514830,2016-06-16,79.0
757,USC00514830,2016-06-17,73.0
758,USC00514830,2016-06-18,78.0
759,USC00514830,2016-06-19,79.0
760,USC00514830,2016-06-20,80.0
761,USC00514830,2016-06-21,76.0
762,USC00514830,2016-06-22,79.0
763,USC00514830,2016-06-23,79.0
764,USC00514830,2016-06-24,77.0
765,USC00514830,2016-06-25,80.0
766,USC00514830,2016-06-26,79.0
767,USC00514830,2016-06-27,78.0
768,USC00514830,2016-06-28,78.0
769,USC00514830,2016-06-29,79.0
770,USC00514830,2016-06-30,78.0
771,USC00514830,2016-07-01,78.0
772,USC00514830,2016-07-04,79.0
773,USC00514830,2016-07-05,79.0
774,USC00514830,2016-07-06,77.0
775,USC00514830,2016-07-07,77.0
776,USC00514830,2016-07-08,78.0
777,USC00514830,2016-07-09,81.0
778,USC00514830,2016-07-10,77.0
779,USC00514830,2016-07-11,80.0
780,USC00514830,2016-07-12,80.0
781,USC00514830,2016-07-13,78.0
782,USC00514830,2016-07-14,80.0
783,USC00514830,2016-07-15,78.0
784,USC00514830,2016-07-16,80.0
785,USC00514830,2016-07-18,80.0
786,USC00514830,2016-07-19,80.0
787,USC00514830,2016-07-20,79.0
788,USC00514830,2016-07-22,78.0
789,USC00514830,2016-07-25,77.0
790,USC00514830,2016-07-27,82.0
791,USC00514830,2016-07-28,81.0
792,USC00514830,2016-07-29,76.0
793,USC00514830,2016-08-01,78.0
794,USC00514830,2016-08-02,80.0
795,USC00514830,2016-08-03,82.0
796,USC00514830,2016-08-06,79.0
797,USC00514830,2016-08-07,83.0
798,USC00514830,2016-08-08,82.0
799,USC00514830,2016-08-09,81.0
800,USC00514830,2016-08-10,81.0
801,USC00514830,2016-08-11,79.0
802,USC00514830,2016-08-12,81.0
803,USC00514830,2016-08-13,83.0
804,USC00514830,2016-08-15,81.0
805,USC00514830,2016-08-16,81.0
806,USC00514830,2016-08-17,79.0
807,USC00514830,2016-08-18,79.0
808,USC00514830,2016-08-19,80.0
809,USC00514830,2016-08-20,81.0
810,USC00514830,2016-08-22,79.0
811,USC00514830,2016-08-23,80.0
812,USC00514830,2016-08-24,80.0
813,USC00514830,2016-08-25,81.0
814,USC00514830,2016-08-26,81.0
815,USC00514830,2016-08-27,81.0
816,USC00514830,2016-08-28,81.0
817,USC00514830,2016-08-29,80.0
818,USC00514830,2016-08-31,80.0
819,USC00514830,2016-09-01,82.0
820,USC00514830,2016-09-02,81.0
821,USC00514830,2016-09-05,82.0
822,USC00514830,2016-09-06,80.0
823,USC00514830,2016-09-07,80.0
824,USC00514830,2016-09-08,81.0
825,USC00514830,2016-09-09,77.0
826,USC00514830,2016-09-12,79.0
827,USC00514830,2016-09-13,79.0
828,USC00514830,2016-09-14,79.0
829,USC00514830,2016-09-15,81.0
830,USC00514830,2016-09-16,79.0
831,USC00514830,2016-09-19,79.0
832,USC00514830,2016-09-20,80.0
833,USC00514830,2016-09-21,80.0
834,USC00514830,2016-09-22,78.0
835,USC00514830,2016-09-23,81.0
836,USC00514830,2016-09-24,82.0
837,USC00514830,2016-09-25,82.0
838,USC00514830,2016-09-26,80.0
839,USC00514830,2016-09-27,79.0
840,USC00514830,2016-09-28,80.0
841,USC00514830,2016-09-29,79.0
842,USC00514830,2016-09-30,80.0
843,USC00514830,2016-10-01,80.0
844,USC00514830,2016-10-02,80.0
845,USC00514830,2016-10-03,80.0
846,USC00514830,2016-10-04,81.0
847,USC00514830,2016-10-05,80.0
848,USC00514830,2016-10-06,80.0
849,USC00514830,2016-10-07,79.0
850,USC00514830,2016-10-10,77.0
851,USC00514830,2016-10-11,80.0
852,USC00514830,2016-10-12,80.0
853,USC00514830,2016-10-13,81.0
854,USC00514830,2016-10-14,79.0
855,USC00514830,2016-10-15,81.0
856,USC00514830,2016-10-17,78.0
857,USC00514830,2016-10-18,80.0
858,USC00514830,2016-10-19,79.0
859,USC00514830,2016-10-20,77.0
860,USC00514830,2016-10-21,78.0
861,USC00514830,2016-10-23,80.0
862,USC00514830,2016-10-24,77.0
863,USC00514830,2016-10-25,81.0
864,USC00514830,2016-10-27,78.0
865,USC00514830,2016-10-28,78.0
866,USC00514830,2016-10-29,76.0
867,USC00514830,2016-10-30,78.0
868,USC00514830,2016-10-31,77.0
869,USC00514830,2016-11-01,77.0
870,USC00514830,2016-11-02,78.0
871,USC00514830,2016-11-03,77.0
872,USC00514830,2016-11-04,77.0
873,USC00514830,2016-11-05,77.0
874,USC00514830,2016-11-06,78.0
875,USC00514830,2016-11-07,72.0
876,USC00514830,2016-11-08,73.0
877,USC00514830,2016-11-09,74.0
878,USC00514830,2016-11-10,75.0
879,USC00514830,2016-11-11,77.0
880,USC00514830,2016-11-12,78.0
881,USC00514830,2016-11-13,78.0
882,USC00514830,2016-11-14,79.0
883,USC00514830,2016-11-15,77.0
884,USC00514830,2016-11-16,78.0
885,USC00514830,2016-11-17,77.0
886,USC00514830,2016-11-22,76.0
887,USC00514830,2016-11-25,74.0
888,USC00514830,2016-11-26,78.0
889,USC00514830,2016-11-27,76.0
890,USC00514830,2016-11-28,76.0
891,USC00514830,2016-11-29,75.0
892,USC00514830,2016-11-30,76.0
893,USC00514830,2016-12-01,75.0
894,USC00514830,2016-12-02,77.0
895,USC00514830,2016-12-03,75.0
896,USC00514830,2016-12-04,77.0
897,USC00514830,2016-12-05,76.0
898,USC00514830,2016-12-07,76.0
899,USC00514830,2016-12-08,75.0
900,USC00514830,2016-12-09,72.0
901,USC00514830,2016-12-10,76.0
902,USC00514830,2016-12-12,75.0
903,USC00514830,2016-12-13,72.0
904,USC00514830,2016-12-14,72.0
905,USC00514830,2016-12-15,75.0
906,USC00514830,2016-12-16,69.0
907,USC00514830,2016-12-17,75.0
908,USC00514830,2016-12-18,74.0
909,USC00514830,2016-12-19,78.0
910,USC00514830,2016-12-20,77.0
911,USC00514830,2016-12-21,76.0
912,USC00514830,2016-12-22,72.0
913,USC00514830,2016-12-23,73.0
914,USC00514830,2016-12-24,74.0
915,USC00514830,2016-12-26,74.0
916,USC00514830,2016-12-27,74.0
917,USC00514830,2016-12-28,73.0
918,USC00514830,2016-12-29,73.0
919,USC00514830,2016-12-30,71.0
920,USC00514830,2016-12-31,72.0
921,USC00514830,2017-01-01,74.0
922,USC00514830,2017-01-02,74.0
923,USC00514830,2017-01-03,70.0
924,USC00514830,2017-01-04,71.0
925,USC00514830,2017-01-05,72.0
926,USC00514830,2017-01-06,71.0
927,USC00514830,2017-01-07,71.0
928,USC00514830,2017-01-08,74.0
929,USC00514830,2017-01-09,72.0
930,USC00514830,2017-01-10,72.0
931,USC00514830,2017-01-11,76.0
932,USC00514830,2017-01-13,75.0
933,USC00514830,2017-01-14,77.0
934,USC00514830,2017-01-16,76.0
935,USC00514830,2017-01-17,75.0
936,USC00514830,2017-01-18,75.0
937,USC00514830,2017-01-19,77.0
938,USC00514830,2017-01-20,74.0
939,USC00514830,2017-01-21,73.0
940,USC00514830,2017-01-23,75.0
941,USC00514830,2017-01-25,73.0
942,USC00514830,2017-01-26,74.0
943,USC00514830,2017-01-27,74.0
944,USC00514830,2017-01-28,76.0
945,USC00514830,2017-01-30,71.0
946,USC00514830,2017-01-31,70.0
947,USC00514830,2017-02-01,72.0
948,USC00514830,2017-02-02,72.0
949,USC00514830,2017-02-03,73.0
950,USC00514830,2017-02-05,80.0
951,USC00514830,2017-02-06,77.0
952,USC00514830,2017-02-07,76.0
953,USC00514830,2017-02-08,67.0
954,USC00514830,2017-02-09,71.0
955,USC00514830,2017-02-10,73.0
956,USC00514830,2017-02-11,69.0
957,USC00514830,2017-02-12,76.0
958,USC00514830,2017-02-13,80.0
959,USC00514830,2017-02-14,79.0
960,USC00514830,2017-02-15,76.0
961,USC00514830,2017-02-16,73.0
962,USC00514830,2017-02-17,77.0
963,USC00514830,2017-02-20,72.0
964,USC00514830,2017-02-21,71.0
965,USC00514830,2017-02-22,72.0
966,USC00514830,2017-02-23,75.0
967,USC00514830,2017-02-24,71.0
968,USC00514830,2017-02-26,75.0
969,USC00514830,2017-02-27,71.0
970,USC00514830,2017-02-28,73.0
971,USC00514830,2017-03-01,71.0
972,USC00514830,2017-03-03,73.0
973,USC00514830,2017-03-06,74.0
974,USC00514830,2017-03-07,74.0
975,USC00514830,2017-03-08,74.0
976,USC00514830,2017-03-09,69.0
977,USC00514830,2017-03-10,75.0
978,USC00514830,2017-03-12,80.0
979,USC00514830,2017-03-13,77.0
980,USC00514830,2017-03-14,77.0
981,USC00514830,2017-03-16,77.0
982,USC00514830,2017-03-17,72.0
983,USC00514830,2017-03-18,76.0
984,USC00514830,2017-03-20,77.0
985,USC00514830,2017-03-21,76.0
986,USC00514830,2017-03-22,76.0
987,USC00514830,2017-03-23,78.0
988,USC00514830,2017-03-24,75.0
989,USC00514830,2017-03-27,78.0
990,USC00514830,2017-03-28,78.0
991,USC00514830,2017-03-29,77.0
992,USC00514830,2017-03-30,78.0
993,USC00514830,2017-03-31,77.0
994,USC00514830,2017-04-01,78.0
995,USC00514830,2017-04-02,77.0
996,USC00514830,2017-04-03,77.0
997,USC00514830,2017-04-04,76.0
998,USC00514830,2017-04-05,77.0
999,USC00514830,2017-04-06,76.0
1000,USC00514830,2017-04-07,76.0
1001,USC00514830,2017-04-09,77.0
1002,USC00514830,2017-04-10,79.0
1003,USC00514830,2017-04-11,77.0
1004,USC00514830,2017-04-12,77.0
1005,USC00514830,2017-04-13,77.0
1006,USC00514830,2017-04-14,77.0
1007,USC00514830,2017-04-17,69.0
1008,USC00514830,2017-04-18,76.0
1009,USC00514830,2017-04-19,83.0
1010,USC00514830,2017-04-20,74.0
1011,USC00514830,2017-04-21,70.0
1012,USC00514830,2017-04-22,74.0
1013,USC00514830,2017-04-24,79.0
1014,USC00514830,2017-04-25,77.0
1015,USC00514830,2017-04-26,78.0
1016,USC00514830,2017-04-27,78.0
1017,USC00514830,2017-04-28,77.0
1018,USC00514830,2017-04-29,71.0
1019,USC00514830,2017-04-30,63.0
1020,USC00514830,2017-05-01,78.0
1021,USC00514830,2017-05-02,76.0
1022,USC00514830,2017-05-03,78.0
1023,USC00514830,2017-05-04,77.0
1024,USC00514830,2017-05-05,78.0
1025,USC00514830,2017-05-06,78.0
1026,USC00514830,2017-05-08,73.0
1027,USC00514830,2017-05-09,79.0
1028,USC00514830,2017-05-10,76.0
1029,USC00514830,2017-05-12,78.0
1030,USC00517948,2016-05-16,78.0
1031,USC00517948,2016-05-17,78.0
1032,USC00517948,2016-05-18,76.0
1033,USC00517948,2016-05-19,77.0
1034,USC00517948,2016-05-20,79.0
1035,USC00517948,2016-05-23,79.0
1036,USC00517948,2016-05-24,67.0
1037,USC00517948,2016-05-25,78.0
1038,USC00517948,2016-05-26,79.0
1039,USC00517948,2016-06-01,64.0
1040,USC00517948,2016-06-02,65.0
1041,USC00517948,2016-06-03,75.0
1042,USC00517948,2016-06-06,76.0
1043,USC00517948,2016-06-07,78.0
1044,USC00517948,2016-06-08,77.0
1045,USC00517948,2016-06-09,75.0
1046,USC00517948,2016-06-13,78.0
1047,USC00517948,2016-06-14,81.0
1048,USC00517948,2016-06-15,78.0
1049,USC00517948,2016-06-16,76.0
1050,USC00517948,2016-06-17,73.0
1051,USC00517948,2016-06-20,74.0
1052,USC00517948,2016-06-21,76.0
1053,USC00517948,2016-06-22,78.0
1054,USC00517948,2016-06-23,79.0
1055,USC00517948,2016-06-24,78.0
1056,USC00517948,2016-06-27,72.0
1057,USC00517948,2016-06-28,78.0
1058,USC00517948,2016-06-29,80.0
1059,USC00517948,2016-06-30,81.0
1060,USC00517948,2016-07-01,80.0
1061,USC00517948,2016-07-05,77.0
1062,USC00517948,2016-07-06,78.0
1063,USC00517948,2016-07-07,78.0
1064,USC00517948,2016-07-08,80.0
1065,USC00517948,2016-07-11,78.0
1066,USC00517948,2016-07-12,80.0
1067,USC00517948,2016-07-13,78.0
1068,USC00517948,2016-07-14,78.0
1069,USC00517948,2016-07-15,76.0
1070,USC00517948,2016-07-18,78.0
1071,USC00517948,2016-07-19,79.0
1072,USC00517948,2016-07-20,78.0
1073,USC00517948,2016-07-21,78.0
1074,USC00517948,2016-07-25,81.0
1075,USC00517948,2016-07-26,82.0
1076,USC00517948,2016-07-27,77.0
1077,USC00517948,2016-08-02,77.0
1078,USC00517948,2016-08-03,79.0
1079,USC00517948,2016-08-04,81.0
1080,USC00517948,2016-08-05,77.0
1081,USC00517948,2016-08-08,77.0
1082,USC00517948,2016-08-09,79.0
1083,USC00517948,2016-08-10,82.0
1084,USC00517948,2016-08-11,80.0
1085,USC00517948,2016-08-12,77.0
1086,USC00517948,2016-08-15,79.0
1087,USC00517948,2016-08-16,81.0
1088,USC00517948,2016-08-17,81.0
1089,USC00517948,2016-08-18,81.0
1090,USC00517948,2016-08-22,79.0
1091,USC00517948,2016-08-23,80.0
1092,USC00517948,2016-08-24,78.0
1093,USC00517948,2016-08-25,81.0
1094,USC00517948,2016-08-26,81.0
1095,USC00517948,2016-08-29,80.0
1096,USC00517948,2016-08-30,79.0
1097,USC00517948,2016-08-31,79.0
1098,USC00517948,2016-09-01,82.0
1099,USC00517948,2016-09-02,81.0
1100,USC00517948,2016-09-08,80.0
1101,USC00517948,2016-09-09,79.0
1102,USC00517948,2016-09-12,79.0
1103,USC00517948,2016-09-13,79.0
1104,USC00517948,2016-09-14,76.0
1105,USC00517948,2016-09-15,76.0
1106,USC00517948,2016-09-16,79.0
1107,USC00517948,2016-09-19,79.0
1108,USC00517948,2016-09-20,73.0
1109,USC00517948,2016-09-22,76.0
1110,USC00517948,2016-09-23,80.0
1111,USC00517948,2016-09-26,78.0
1112,USC00517948,2016-09-28,79.0
1113,USC00517948,2016-09-29,80.0
1114,USC00517948,2016-09-30,80.0
1115,USC00517948,2016-10-03,79.0
1116,USC00517948,2016-10-04,77.0
1117,USC00517948,2016-10-05,80.0
1118,USC00517948,2016-10-06,79.0
1119,USC00517948,2016-10-07,78.0
1120,USC00517948,2016-10-11,79.0
1121,USC00517948,2016-10-13,80.0
1122,USC00517948,2016-10-17,80.0
1123,USC00517948,2016-10-18,80.0
1124,USC00517948,2016-10-19,80.0
1125,USC00517948,2016-10-20,78.0
1126,USC00517948,2016-10-21,76.0
1127,USC00517948,2016-10-24,76.0
1128,USC00517948,2016-10-25,77.0
1129,USC00517948,2016-10-26,73.0
1130,USC00517948,2016-10-27,77.0
1131,USC00517948,2016-10-28,76.0
1132,USC00517948,2016-10-31,75.0
1133,USC00517948,2016-11-04,77.0
1134,USC00517948,2016-11-07,75.0
1135,USC00517948,2016-11-09,76.0
1136,USC00517948,2016-11-14,79.0
1137,USC00517948,2016-11-15,77.0
1138,USC00517948,2016-11-16,77.0
1139,USC00517948,2016-11-17,77.0
1140,USC00517948,2016-11-18,75.0
1141,USC00517948,2016-11-21,73.0
1142,USC00517948,2016-11-22,76.0
1143,USC00517948,2016-11-23,77.0
1144,USC00517948,2016-11-28,76.0
1145,USC00517948,2016-11-29,74.0
1146,USC00517948,2016-11-30,75.0
1147,USC00517948,2016-12-01,72.0
1148,USC00517948,2016-12-02,70.0
1149,USC00517948,2016-12-05,68.0
1150,USC00517948,2016-12-06,74.0
1151,USC00517948,2016-12-07,71.0
1152,USC00517948,2016-12-08,70.0
1153,USC00517948,2016-12-09,70.0
1154,USC00517948,2016-12-12,70.0
1155,USC00517948,2016-12-13,68.0
1156,USC00517948,2016-12-14,68.0
1157,USC00517948,2016-12-15,68.0
1158,USC00517948,2016-12-16,66.0
1159,USC00517948,2016-12-19,71.0
1160,USC00517948,2016-12-20,76.0
1161,USC00517948,2016-12-21,73.0
1162,USC00517948,2016-12-22,70.0
1163,USC00517948,2016-12-23,68.0
1164,USC00517948,2016-12-28,71.0
1165,USC00517948,2016-12-29,71.0
1166,USC00517948,2016-12-30,68.0
1167,USC00517948,2017-01-09,65.0
1168,USC00517948,2017-01-10,65.0
1169,USC00517948,2017-01-11,67.0
1170,USC00517948,2017-01-12,67.0
1171,USC00517948,2017-01-13,68.0
1172,USC00517948,2017-01-17,70.0
1173,USC00517948,2017-01-18,73.0
1174,USC00517948,2017-01-19,66.0
1175,USC00517948,2017-01-20,70.0
1176,USC00517948,2017-01-23,77.0
1177,USC00517948,2017-01-24,69.0
1178,USC00517948,2017-01-25,69.0
1179,USC00517948,2017-01-26,70.0
1180,USC00517948,2017-01-27,65.0
1181,USC00517948,2017-01-30,68.0
1182,USC00517948,2017-01-31,68.0
1183,USC00517948,2017-02-01,62.0
1184,USC00517948,2017-02-02,70.0
1185,USC00517948,2017-02-03,72.0
1186,USC00517948,2017-02-06,76.0
1187,USC00517948,2017-02-07,67.0
1188,USC00517948,2017-02-08,64.0
1189,USC00517948,2017-02-09,64.0
1190,USC00517948,2017-02-10,64.0
1191,USC00517948,2017-02-13,77.0
1192,USC00517948,2017-02-14,76.0
1193,USC00517948,2017-02-15,73.0
1194,USC00517948,2017-02-16,70.0
1195,USC00517948,2017-02-17,69.0
1196,USC00517948,2017-02-21,71.0
1197,USC00517948,2017-02-22,72.0
1198,USC00517948,2017-02-23,72.0
1199,USC00517948,2017-02-24,68.0
1200,USC00517948,2017-02-27,69.0
1201,USC00517948,2017-02-28,72.0
1202,USC00517948,2017-03-01,66.0
1203,USC00517948,2017-03-02,73.0
1204,USC00517948,2017-03-03,70.0
1205,USC00517948,2017-03-06,67.0
1206,USC00517948,2017-03-07,67.0
1207,USC00517948,2017-03-08,67.0
1208,USC00517948,2017-03-09,68.0
1209,USC00517948,2017-03-10,68.0
1210,USC00517948,2017-03-13,69.0
1211,USC00517948,2017-03-14,73.0
1212,USC00517948,2017-03-15,75.0
1213,USC00517948,2017-03-16,71.0
1214,USC00517948,2017-03-17,72.0
1215,USC00517948,2017-03-28,73.0
1216,USC00517948,2017-03-29,74.0
1217,USC00517948,2017-03-30,77.0
1218,USC00517948,2017-03-31,78.0
1219,USC00517948,2017-04-03,75.0
1220,USC00517948,2017-04-04,75.0
1221,USC00517948,2017-04-05,73.0
1222,USC00517948,2017-04-06,73.0
1223,USC00517948,2017-04-07,76.0
1224,USC00517948,2017-04-10,75.0
1225,USC00517948,2017-04-11,76.0
1226,USC00517948,2017-04-12,74.0
1227,USC00517948,2017-04-13,76.0
1228,USC00517948,2017-04-17,72.0
1229,USC00517948,2017-04-18,75.0
1230,USC00517948,2017-04-19,76.0
1231,USC00517948,2017-04-20,75.0
1232,USC00517948,2017-04-21,74.0
1233,USC00517948,2017-04-24,78.0
1234,USC00517948,2017-04-25,78.0
1235,USC00517948,2017-04-27,78.0
1236,USC00517948,2017-04-28,76.0
1237,USC00519523,2016-05-14,74.0
1238,USC00519523,2016-05-15,79.0
1239,USC00519523,2016-05-16,78.0
1240,USC00519523,2016-05-17,78.0
1241,USC00519523,2016-05-18,77.0
1242,USC00519523,2016-05-19,77.0
1243,USC00519523,2016-05-20,78.0
1244,USC00519523,2016-05-21,78.0
1245,USC00519523,2016-05-22,78.0
1246,USC00519523,2016-05-23,79.0
1247,USC00519523,2016-05-24,77.0
1248,USC00519523,2016-05-25,77.0
1249,USC00519523,2016-05-26,81.0
1250,USC00519523,2016-05-27,80.0
1251,USC00519523,2016-05-28,79.0
1252,USC00519523,2016-05-29,78.0
1253,USC00519523,2016-05-30,78.0
1254,USC00519523,2016-05-31,71.0
1255,USC00519523,2016-06-01,75.0
1256,USC00519523,2016-06-02,75.0
1257,USC00519523,2016-06-03,75.0
1258,USC00519523,2016-06-04,75.0
1259,USC00519523,2016-06-05,73.0
1260,USC00519523,2016-06-06,78.0
1261,USC00519523,2016-06-07,77.0
1262,USC00519523,2016-06-08,80.0
1263,USC00519523,2016-06-09,72.0
1264,USC00519523,2016-06-10,78.0
1265,USC00519523,2016-06-11,78.0
1266,USC00519523,2016-06-12,77.0
1267,USC00519523,2016-06-13,78.0
1268,USC00519523,2016-06-14,79.0
1269,USC00519523,2016-06-15,80.0
1270,USC00519523,2016-06-17,76.0
1271,USC00519523,2016-06-18,77.0
1272,USC00519523,2016-06-19,79.0
1273,USC00519523,2016-06-20,79.0
1274,USC00519523,2016-06-21,77.0
1275,USC00519523,2016-06-22,79.0
1276,USC00519523,2016-06-23,80.0
1277,USC00519523,2016-06-24,80.0
1278,USC00519523,2016-06-25,77.0
1279,USC00519523,2016-06-26,79.0
1280,USC00519523,2016-06-27,81.0
1281,USC00519523,2016-06-28,78.0
1282,USC00519523,2016-06-29,80.0
1283,USC00519523,2016-06-30,79.0
1284,USC00519523,2016-07-02,82.0
1285,USC00519523,2016-07-03,76.0
1286,USC00519523,2016-07-04,81.0
1287,USC00519523,2016-07-05,76.0
1288,USC00519523,2016-07-06,76.0
1289,USC00519523,2016-07-07,80.0
1290,USC00519523,2016-07-08,80.0
1291,USC00519523,2016-07-09,78.0
1292,USC00519523,2016-07-10,78.0
1293,USC00519523,2016-07-11,78.0
1294,USC00519523,2016-07-12,80.0
1295,USC00519523,2016-07-14,82.0
1296,USC00519523,2016-07-15,80.0
1297,USC00519523,2016-07-16,79.0
1298,USC00519523,2016-07-17,82.0
1299,USC00519523,2016-07-18,76.0
1300,USC00519523,2016-07-19,80.0
1301,USC00519523,2016-07-20,82.0
1302,USC00519523,2016-07-21,80.0
1303,USC00519523,2016-07-23,79.0
1304,USC00519523,2016-07-24,78.0
1305,USC00519523,2016-07-25,80.0
1306,USC00519523,2016-07-26,80.0
1307,USC00519523,2016-07-27,83.0
1308,USC00519523,2016-07-28,82.0
1309,USC00519523,2016-07-29,82.0
1310,USC00519523,2016-07-30,77.0
1311,USC00519523,2016-07-31,80.0
1312,USC00519523,2016-08-01,77.0
1313,USC00519523,2016-08-02,78.0
1314,USC00519523,2016-08-03,81.0
1315,USC00519523,2016-08-04,80.0
1316,USC00519523,2016-08-05,80.0
1317,USC00519523,2016-08-06,79.0
1318,USC00519523,2016-08-07,79.0
1319,USC00519523,2016-08-08,83.0
1320,USC00519523,2016-08-09,80.0
1321,USC00519523,2016-08-10,82.0
1322,USC00519523,2016-08-11,80.0
1323,USC00519523,2016-08-12,77.0
1324,USC00519523,2016-08-13,81.0
1325,USC00519523,2016-08-14,82.0
1326,USC00519523,2016-08-15,81.0
1327,USC00519523,2016-08-16,80.0
1328,USC00519523,2016-08-17,78.0
1329,USC00519523,2016-08-18,81.0
1330,USC00519523,2016-08-19,79.0
1331,USC00519523,2016-08-20,81.0
1332,USC00519523,2016-08-21,80.0
1333,USC00519523,2016-08-22,80.0
1334,USC00519523,2016-08-23,80.0
1335,USC00519523,2016-08-24,79.0
1336,USC00519523,2016-08-25,80.0
1337,USC00519523,2016-08-26,84.0
1338,USC00519523,2016-08-27,81.0
1339,USC00519523,2016-08-28,80.0
1340,USC00519523,2016-08-29,79.0
1341,USC00519523,2016-08-30,78.0
1342,USC00519523,2016-08-31,78.0
1343,USC00519523,2016-09-02,81.0
1344,USC00519523,2016-09-03,78.0
1345,USC00519523,2016-09-04,84.0
1346,USC00519523,2016-09-05,84.0
1347,USC00519523,2016-09-06,78.0
1348,USC00519523,2016-09-07,76.0
1349,USC00519523,2016-09-08,79.0
1350,USC00519523,2016-09-09,77.0
1351,USC00519523,2016-09-10,78.0
1352,USC00519523,2016-09-11,83.0
1353,USC00519523,2016-09-12,78.0
1354,USC00519523,2016-09-13,77.0
1355,USC00519523,2016-09-14,77.0
1356,USC00519523,2016-09-15,79.0
1357,USC00519523,2016-09-16,78.0
1358,USC00519523,2016-09-17,81.0
1359,USC00519523,2016-09-18,81.0
1360,USC00519523,2016-09-19,78.0
1361,USC00519523,2016-09-20,77.0
1362,USC00519523,2016-09-21,79.0
1363,USC00519523,2016-09-22,79.0
1364,USC00519523,2016-09-23,80.0
1365,USC00519523,2016-09-24,83.0
1366,USC00519523,2016-09-25,82.0
1367,USC00519523,2016-09-26,78.0
1368,USC00519523,2016-09-27,78.0
1369,USC00519523,2016-09-28,78.0
1370,USC00519523,2016-09-29,82.0
1371,USC00519523,2016-09-30,78.0
1372,USC00519523,2016-10-01,79.0
1373,USC00519523,2016-10-02,81.0
1374,USC00519523,2016-10-03,79.0
1375,USC00519523,2016-10-04,80.0
1376,USC00519523,2016-10-05,80.0
1377,USC00519523,2016-10-06,80.0
1378,USC00519523,2016-10-07,79.0
1379,USC00519523,2016-10-08,82.0
1380,USC00519523,2016-10-09,80.0
1381,USC00519523,2016-10-10,78.0
1382,USC00519523,2016-10-11,81.0
1383,USC00519523,2016-10-12,81.0
1384,USC00519523,2016-10-13,79.0
1385,USC00519523,2016-10-14,80.0
1386,USC00519523,2016-10-15,79.0
1387,USC00519523,2016-10-16,81.0
1388,USC00519523,2016-10-17,80.0
1389,USC00519523,2016-10-18,80.0
1390,USC00519523,2016-10-19,78.0
1391,USC00519523,2016-10-21,79.0
1392,USC00519523,2016-10-22,80.0
1393,USC00519523,2016-10-23,81.0
1394,USC00519523,2016-10-24,75.0
1395,USC00519523,2016-10-25,77.0
1396,USC00519523,2016-10-26,78.0
1397,USC00519523,2016-10-27,78.0
1398,USC00519523,2016-10-28,78.0
1399,USC00519523,2016-10-29,78.0
1400,USC00519523,2016-10-30,79.0
1401,USC00519523,2016-10-31,78.0
1402,USC00519523,2016-11-01,79.0
1403,USC00519523,2016-11-02,76.0
1404,USC00519523,2016-11-03,77.0
1405,USC00519523,2016-11-04,76.0
1406,USC00519523,2016-11-05,78.0
1407,USC00519523,2016-11-06,78.0
1408,USC00519523,2016-11-07,76.0
1409,USC00519523,2016-11-08,77.0
1410,USC00519523,2016-11-09,75.0
1411,USC00519523,2016-11-10,72.0
1412,USC00519523,2016-11-11,73.0
1413,USC00519523,2016-11-12,79.0
1414,USC00519523,2016-11-13,79.0
1415,USC00519523,2016-11-14,78.0
1416,USC00519523,2016-11-15,77.0
1417,USC00519523,2016-11-16,77.0
1418,USC00519523,2016-11-17,77.0
1419,USC00519523,2016-11-18,77.0
1420,USC00519523,2016-11-19,76.0
1421,USC00519523,2016-11-20,80.0
1422,USC00519523,2016-11-21,75.0
1423,USC00519523,2016-11-22,76.0
1424,USC00519523,2016-11-23,75.0
1425,USC00519523,2016-11-24,75.0
1426,USC00519523,2016-11-25,76.0
1427,USC00519523,2016-11-26,78.0
1428,USC00519523,2016-11-27,78.0
1429,USC00519523,2016-11-28,77.0
1430,USC00519523,2016-11-29,76.0
1431,USC00519523,2016-11-30,76.0
1432,USC00519523,2016-12-01,76.0
1433,USC00519523,2016-12-02,75.0
1434,USC00519523,2016-12-03,75.0
1435,USC00519523,2016-12-04,75.0
1436,USC00519523,2016-12-05,70.0
1437,USC00519523,2016-12-06,70.0
1438,USC00519523,2016-12-07,74.0
1439,USC00519523,2016-12-08,73.0
1440,USC00519523,2016-12-10,72.0
1441,USC00519523,2016-12-11,78.0
1442,USC00519523,2016-12-12,67.0
1443,USC00519523,2016-12-13,69.0
1444,USC00519523,2016-12-14,71.0
1445,USC00519523,2016-12-15,74.0
1446,USC00519523,2016-12-16,63.0
1447,USC00519523,2016-12-17,76.0
1448,USC00519523,2016-12-18,76.0
1449,USC00519523,2016-12-19,71.0
1450,USC00519523,2016-12-20,76.0
1451,USC00519523,2016-12-21,77.0
1452,USC00519523,2016-12-22,73.0
1453,USC00519523,2016-12-23,71.0
1454,USC00519523,2016-12-24,78.0
1455,USC00519523,2016-12-25,78.0
1456,USC00519523,2016-12-26,75.0
1457,USC00519523,2016-12-27,75.0
1458,USC00519523,2016-12-28,72.0
1459,USC00519523,2016-12-29,77.0
1460,USC00519523,2016-12-30,72.0
1461,USC00519523,2017-01-01,74.0
1462,USC00519523,2017-01-03,73.0
1463,USC00519523,2017-01-04,73.0
1464,USC00519523,2017-01-05,71.0
1465,USC00519523,2017-01-06,74.0
1466,USC00519523,2017-01-07,72.0
1467,USC00519523,2017-01-08,74.0
1468,USC00519523,2017-01-09,77.0
1469,USC00519523,2017-01-10,75.0
1470,USC00519523,2017-01-12,81.0
1471,USC00519523,2017-01-15,78.0
1472,USC00519523,2017-01-16,80.0
1473,USC00519523,2017-01-18,75.0
1474,USC00519523,2017-01-19,78.0
1475,USC00519523,2017-01-20,73.0
1476,USC00519523,2017-01-21,74.0
1477,USC00519523,2017-01-22,74.0
1478,USC00519523,2017-01-23,74.0
1479,USC00519523,2017-01-24,74.0
1480,USC00519523,2017-01-25,72.0
1481,USC00519523,2017-01-26,74.0
1482,USC00519523,2017-01-27,74.0
1483,USC00519523,2017-01-29,73.0
1484,USC00519523,2017-01-30,70.0
1485,USC00519523,2017-01-31,70.0
1486,USC00519523,2017-02-01,70.0
1487,USC00519523,2017-02-02,64.0
1488,USC00519523,2017-02-03,62.0
1489,USC00519523,2017-02-04,76.0
1490,USC00519523,2017-02-05,77.0
1491,USC00519523,2017-02-06,76.0
1492,USC00519523,2017-02-07,72.0
1493,USC00519523,2017-02-08,74.0
1494,USC00519523,2017-02-09,60.0
1495,USC00519523,2017-02-10,74.0
1496,USC00519523,2017-02-11,70.0
1497,USC00519523,2017-02-12,73.0
1498,USC00519523,2017-02-13,78.0
1499,USC00519523,2017-02-15,76.0
1500,USC00519523,2017-02-16,72.0
1501,USC00519523,2017-02-17,75.0
1502,USC00519523,2017-02-18,67.0
1503,USC00519523,2017-02-20,71.0
1504,USC00519523,2017-02-22,72.0
1505,USC00519523,2017-02-23,73.0
1506,USC00519523,2017-02-24,70.0
1507,USC00519523,2017-02-26,67.0
1508,USC00519523,2017-02-27,77.0
1509,USC00519523,2017-02-28,73.0
1510,USC00519523,2017-03-01,73.0
1511,USC00519523,2017-03-02,75.0
1512,USC00519523,2017-03-03,74.0
1513,USC00519523,2017-03-04,77.0
1514,USC00519523,2017-03-06,69.0
1515,USC00519523,2017-03-09,70.0
1516,USC00519523,2017-03-10,69.0
1517,USC00519523,2017-03-11,81.0
1518,USC00519523,2017-03-12,74.0
1519,USC00519523,2017-03-13,69.0
1520,USC00519523,2017-03-14,74.0
1521,USC00519523,2017-03-15,71.0
1522,USC00519523,2017-03-16,69.0
1523,USC00519523,2017-03-17,70.0
1524,USC00519523,2017-03-18,74.0
1525,USC00519523,2017-03-19,74.0
1526,USC00519523,2017-03-20,75.0
1527,USC00519523,2017-03-21,75.0
1528,USC00519523,2017-03-22,75.0
1529,USC00519523,2017-03-23,75.0
1530,USC00519523,2017-03-24,76.0
1531,USC00519523,2017-03-25,75.0
1532,USC00519523,2017-03-26,80.0
1533,USC00519523,2017-03-27,76.0
1534,USC00519523,2017-03-28,76.0
1535,USC00519523,2017-03-29,74.0
1536,USC00519523,2017-03-30,78.0
1537,USC00519523,2017-03-31,75.0
1538,USC00519523,2017-04-01,80.0
1539,USC00519523,2017-04-02,79.0
1540,USC00519523,2017-04-03,76.0
1541,USC00519523,2017-04-04,78.0
1542,USC00519523,2017-04-05,77.0
1543,USC00519523,2017-04-06,76.0
1544,USC00519523,2017-04-07,78.0
1545,USC00519523,2017-04-09,74.0
1546,USC00519523,2017-04-10,75.0
1547,USC00519523,2017-04-11,82.0
1548,USC00519523,2017-04-12,80.0
1549,USC00519523,2017-04-13,79.0
1550,USC00519523,2017-04-14,75.0
1551,USC00519523,2017-04-15,79.0
1552,USC00519523,2017-04-16,74.0
1553,USC00519523,2017-04-17,71.0
1554,USC00519523,2017-04-18,76.0
1555,USC00519523,2017-04-19,74.0
1556,USC00519523,2017-04-20,76.0
1557,USC00519523,2017-04-21,70.0
1558,USC00519523,2017-04-24,80.0
1559,USC00519523,2017-04-25,76.0
1560,USC00519523,2017-04-26,81.0
1561,USC00519523,2017-04-27,76.0
1562,USC00519523,2017-04-28,76.0
1563,USC00519523,2017-04-29,70.0
1564,USC00519523,2017-04-30,64.0
1565,USC00519523,2017-05-01,73.0
1566,USC00519523,2017-05-02,78.0
1567,USC00519523,2017-05-03,78.0
1568,USC00519523,2017-05-04,77.0
1569,USC00519523,2017-05-05,79.0
1570,USC00519523,2017-05-06,80.0
1571,USC00519523,2017-05-07,78.0
1572,USC00519523,2017-05-08,80.0
1573,USC00519523,2017-05-09,75.0
1574,USC00519523,2017-05-10,76.0
1575,USC00519523,2017-05-11,78.0
1576,USC00519523,2017-05-12,77.0
1577,USC00519281,2016-05-14,70.0
1578,USC00519281,2016-05-15,76.0
1579,USC00519281,2016-05-16,75.0
1580,USC00519281,2016-05-17,75.0
1581,USC00519281,2016-05-18,72.0
1582,USC00519281,2016-05-19,75.0
1583,USC00519281,2016-05-20,72.0
1584,USC00519281,2016-05-21,76.0
1585,USC00519281,2016-05-22,76.0
1586,USC00519281,2016-05-23,74.0
1587,USC00519281,2016-05-24,69.0
1588,USC00519281,2016-05-25,71.0
1589,USC00519281,2016-05-26,74.0
1590,USC00519281,2016-05-27,75.0
1591,USC00519281,2016-05-28,72.0
1592,USC00519281,2016-05-29,74.0
1593,USC00519281,2016-05-30,70.0
1594,USC00519281,2016-05-31,70.0
1595,USC00519281,2016-06-01,69.0
1596,USC00519281,2016-06-02,67.0
1597,USC00519281,2016-06-03,68.0
1598,USC00519281,2016-06-04,65.0
1599,USC00519281,2016-06-05,70.0
1600,USC00519281,2016-06-06,72.0
1601,USC00519281,2016-06-07,74.0
1602,USC00519281,2016-06-08,73.0
1603,USC00519281,2016-06-09,71.0
1604,USC00519281,2016-06-10,75.0
1605,USC00519281,2016-06-11,72.0
1606,USC00519281,2016-06-12,75.0
1607,USC00519281,2016-06-13,76.0
1608,USC00519281,2016-06-14,75.0
1609,USC00519281,2016-06-15,76.0
1610,USC00519281,2016-06-16,75.0
1611,USC00519281,2016-06-17,71.0
1612,USC00519281,2016-06-18,75.0
1613,USC00519281,2016-06-19,75.0
1614,USC00519281,2016-06-20,72.0
1615,USC00519281,2016-06-21,72.0
1616,USC00519281,2016-06-22,75.0
1617,USC00519281,2016-06-23,73.0
1618,USC00519281,2016-06-24,76.0
1619,USC00519281,2016-06-25,74.0
1620,USC00519281,2016-06-26,77.0
1621,USC00519281,2016-06-27,72.0
1622,USC00519281,2016-06-28,71.0
1623,USC00519281,2016-06-29,76.0
1624,USC00519281,2016-06-30,77.0
1625,USC00519281,2016-07-01,76.0
1626,USC00519281,2016-07-02,79.0
1627,USC00519281,2016-07-03,76.0
1628,USC00519281,2016-07-04,79.0
1629,USC00519281,2016-07-05,75.0
1630,USC00519281,2016-07-06,74.0
1631,USC00519281,2016-07-07,73.0
1632,USC00519281,2016-07-08,78.0
1633,USC00519281,2016-07-09,80.0
1634,USC00519281,2016-07-10,72.0
1635,USC00519281,2016-07-11,79.0
1636,USC00519281,2016-07-12,80.0
1637,USC00519281,2016-07-13,76.0
1638,USC00519281,2016-07-14,80.0
1639,USC00519281,2016-07-15,80.0
1640,USC00519281,2016-07-16,73.0
1641,USC00519281,2016-07-17,77.0
1642,USC00519281,2016-07-18,78.0
1643,USC00519281,2016-07-19,79.0
1644,USC00519281,2016-07-20,80.0
1645,USC00519281,2016-07-21,79.0
1646,USC00519281,2016-07-22,78.0
1647,USC00519281,2016-07-23,75.0
1648,USC00519281,2016-07-24,76.0
1649,USC00519281,2016-07-25,78.0
1650,USC00519281,2016-07-26,78.0
1651,USC00519281,2016-07-27,80.0
1652,USC00519281,2016-07-28,81.0
1653,USC00519281,2016-07-29,80.0
1654,USC00519281,2016-07-30,77.0
1655,USC00519281,2016-07-31,75.0
1656,USC00519281,2016-08-01,76.0
1657,USC00519281,2016-08-02,76.0
1658,USC00519281,2016-08-03,77.0
1659,USC00519281,2016-08-04,77.0
1660,USC00519281,2016-08-05,81.0
1661,USC00519281,2016-08-06,78.0
1662,USC00519281,2016-08-07,78.0
1663,USC00519281,2016-08-08,81.0
1664,USC00519281,2016-08-09,81.0
1665,USC00519281,2016-08-10,82.0
1666,USC00519281,2016-08-11,80.0
1667,USC00519281,2016-08-12,76.0
1668,USC00519281,2016-08-13,80.0
1669,USC00519281,2016-08-14,76.0
1670,USC00519281,2016-08-15,75.0
1671,USC00519281,2016-08-16,74.0
1672,USC00519281,2016-08-17,82.0
1673,USC00519281,2016-08-18,80.0
1674,USC00519281,2016-08-19,79.0
1675,USC00519281,2016-08-20,81.0
1676,USC00519281,2016-08-21,79.0
1677,USC00519281,2016-08-22,78.0
1678,USC00519281,2016-08-23,77.0
1679,USC00519281,2016-08-24,77.0
1680,USC00519281,2016-08-25,80.0
1681,USC00519281,2016-08-26,80.0
1682,USC00519281,2016-08-27,75.0
1683,USC00519281,2016-08-28,73.0
1684,USC00519281,2016-08-29,78.0
1685,USC00519281,2016-08-30,77.0
1686,USC00519281,2016-08-31,78.0
1687,USC00519281,2016-09-01,80.0
1688,USC00519281,2016-09-02,80.0
1689,USC00519281,2016-09-03,78.0
1690,USC00519281,2016-09-04,78.0
1691,USC00519281,2016-09-05,78.0
1692,USC00519281,2016-09-06,73.0
1693,USC00519281,2016-09-07,74.0
1694,USC00519281,2016-09-08,80.0
1695,USC00519281,2016-09-09,79.0
1696,USC00519281,2016-09-10,77.0
1697,USC00519281,2016-09-11,80.0
1698,USC00519281,2016-09-12,76.0
1699,USC00519281,2016-09-13,79.0
1700,USC00519281,2016-09-14,75.0
1701,USC00519281,2016-09-15,79.0
1702,USC00519281,2016-09-16,78.0
1703,USC00519281,2016-09-17,79.0
1704,USC00519281,2016-09-18,78.0
1705,USC00519281,2016-09-19,78.0
1706,USC00519281,2016-09-20,76.0
1707,USC00519281,2016-09-21,74.0
1708,USC00519281,2016-09-22,77.0
1709,USC00519281,2016-09-23,78.0
1710,USC00519281,2016-09-24,79.0
1711,USC00519281,2016-09-25,79.0
1712,USC00519281,2016-09-26,77.0
1713,USC00519281,2016-09-27,80.0
1714,USC00519281,2016-09-28,78.0
1715,USC00519281,2016-09-29,78.0
1716,USC00519281,2016-09-30,78.0
1717,USC00519281,2016-10-01,77.0
1718,USC00519281,2016-10-02,79.0
1719,USC00519281,2016-10-03,79.0
1720,USC00519281,2016-10-04,79.0
1721,USC00519281,2016-10-05,79.0
1722,USC00519281,2016-10-06,75.0
1723,USC00519281,2016-10-07,76.0
1724,USC00519281,2016-10-08,73.0
1725,USC00519281,2016-10-09,72.0
1726,USC00519281,2016-10-10,71.0
1727,USC00519281,2016-10-11,77.0
1728,USC00519281,2016-10-12,79.0
1729,USC00519281,2016-10-13,78.0
1730,USC00519281,2016-10-14,79.0
1731,USC00519281,2016-10-15,77.0
1732,USC00519281,2016-10-16,79.0
1733,USC00519281,2016-10-17,77.0
1734,USC00519281,2016-10-18,78.0
1735,USC00519281,2016-10-19,78.0
1736,USC00519281,2016-10-20,78.0
1737,USC00519281,2016-10-21,78.0
1738,USC00519281,2016-10-22,77.0
1739,USC00519281,2016-10-23,74.0
1740,USC00519281,2016-10-24,75.0
1741,USC00519281,2016-10-25,76.0
1742,USC00519281,2016-10-26,73.0
1743,USC00519281,2016-10-27,76.0
1744,USC00519281,2016-10-28,74.0
1745,USC00519281,2016-10-29,77.0
1746,USC00519281,2016-10-30,76.0
1747,USC00519281,2016-10-31,76.0
1748,USC00519281,2016-11-01,74.0
1749,USC00519281,2016-11-02,75.0
1750,USC00519281,2016-11-03,75.0
1751,USC00519281,2016-11-04,75.0
1752,USC00519281,2016-11-05,75.0
1753,USC00519281,2016-11-06,71.0
1754,USC00519281,2016-11-07,63.0
1755,USC00519281,2016-11-08,70.0
1756,USC00519281,2016-11-09,68.0
1757,USC00519281,2016-11-10,67.0
1758,USC00519281,2016-11-11,77.0
1759,USC00519281,2016-11-12,74.0
1760,USC00519281,2016-11-13,77.0
1761,USC00519281,2016-11-14,76.0
1762,USC00519281,2016-11-15,76.0
1763,USC00519281,2016-11-16,75.0
1764,USC00519281,2016-11-17,76.0
1765,USC00519281,2016-11-18,75.0
1766,USC00519281,2016-11-19,73.0
1767,USC00519281,2016-11-20,75.0
1768,USC00519281,2016-11-21,73.0
1769,USC00519281,2016-11-22,75.0
1770,USC00519281,2016-11-23,74.0
1771,USC00519281,2016-11-24,75.0
1772,USC00519281,2016-11-25,74.0
1773,USC00519281,2016-11-26,75.0
1774,USC00519281,2016-11-27,73.0
1775,USC00519281,2016-11-28,75.0
1776,USC00519281,2016-11-29,73.0
1777,USC00519281,2016-11-30,73.0
1778,USC00519281,2016-12-01,74.0
1779,USC00519281,2016-12-02,70.0
1780,USC00519281,2016-12-03,72.0
1781,USC00519281,2016-12-04,70.0
1782,USC00519281,2016-12-05,67.0
1783,USC00519281,2016-12-06,67.0
1784,USC00519281,2016-12-07,69.0
1785,USC00519281,2016-12-08,70.0
1786,USC00519281,2016-12-09,68.0
1787,USC00519281,2016-12-10,69.0
1788,USC00519281,2016-12-11,69.0
1789,USC00519281,2016-12-12,66.0
1790,USC00519281,2016-12-13,65.0
1791,USC00519281,2016-12-14,68.0
1792,USC00519281,2016-12-15,62.0
1793,USC00519281,2016-12-16,75.0
1794,USC00519281,2016-12-17,70.0
1795,USC00519281,2016-12-18,69.0
1796,USC00519281,2016-12-19,76.0
1797,USC00519281,2016-12-20,76.0
1798,USC00519281,2016-12-21,74.0
1799,USC00519281,2016-12-22,73.0
1800,USC00519281,2016-12-23,71.0
1801,USC00519281,2016-12-24,74.0
1802,USC00519281,2016-12-25,74.0
1803,USC00519281,2016-12-26,72.0
1804,USC00519281,2016-12-27,71.0
1805,USC00519281,2016-12-28,72.0
1806,USC00519281,2016-12-29,74.0
1807,USC00519281,2016-12-30,69.0
1808,USC00519281,2016-12-31,67.0
1809,USC00519281,2017-01-01,72.0
1810,USC00519281,2017-01-02,70.0
1811,USC00519281,2017-01-03,64.0
1812,USC00519281,2017-01-04,63.0
1813,USC00519281,2017-01-05,63.0
1814,USC00519281,2017-01-06,62.0
1815,USC00519281,2017-01-07,70.0
1816,USC00519281,2017-01-08,70.0
1817,USC00519281,2017-01-09,62.0
1818,USC00519281,2017-01-10,62.0
1819,USC00519281,2017-01-11,63.0
1820,USC00519281,2017-01-12,65.0
1821,USC00519281,2017-01-13,69.0
1822,USC00519281,2017-01-14,77.0
1823,USC00519281,2017-01-15,70.0
1824,USC00519281,2017-01-16,74.0
1825,USC00519281,2017-01-17,69.0
1826,USC00519281,2017-01-18,72.0
1827,USC00519281,2017-01-19,71.0
1828,USC00519281,2017-01-20,69.0
1829,USC00519281,2017-01-21,71.0
1830,USC00519281,2017-01-22,71.0
1831,USC00519281,2017-01-23,72.0
1832,USC00519281,2017-01-24,72.0
1833,USC00519281,2017-01-25,69.0
1834,USC00519281,2017-01-26,70.0
1835,USC00519281,2017-01-27,66.0
1836,USC00519281,2017-01-28,65.0
1837,USC00519281,2017-01-29,69.0
1838,USC00519281,2017-01-30,68.0
1839,USC00519281,2017-01-31,68.0
1840,USC00519281,2017-02-01,68.0
1841,USC00519281,2017-02-02,59.0
1842,USC00519281,2017-02-03,60.0
1843,USC00519281,2017-02-04,70.0
1844,USC00519281,2017-02-05,73.0
1845,USC00519281,2017-02-06,75.0
1846,USC00519281,2017-02-07,64.0
1847,USC00519281,2017-02-08,59.0
1848,USC00519281,2017-02-09,59.0
1849,USC00519281,2017-02-10,62.0
1850,USC00519281,2017-02-11,68.0
1851,USC00519281,2017-02-12,70.0
1852,USC00519281,2017-02-13,73.0
1853,USC00519281,2017-02-14,79.0
1854,USC00519281,2017-02-15,75.0
1855,USC00519281,2017-02-16,65.0
1856,USC00519281,2017-02-17,70.0
1857,USC00519281,2017-02-18,74.0
1858,USC00519281,2017-02-19,70.0
1859,USC00519281,2017-02-20,70.0
1860,USC00519281,2017-02-21,71.0
1861,USC00519281,2017-02-22,71.0
1862,USC00519281,2017-02-23,71.0
1863,USC00519281,2017-02-24,69.0
1864,USC00519281,2017-02-25,61.0
1865,USC00519281,2017-02-26,67.0
1866,USC00519281,2017-02-27,65.0
1867,USC00519281,2017-02-28,72.0
1868,USC00519281,2017-03-01,71.0
1869,USC00519281,2017-03-02,73.0
1870,USC00519281,2017-03-03,72.0
1871,USC00519281,2017-03-04,77.0
1872,USC00519281,2017-03-05,73.0
1873,USC00519281,2017-03-06,67.0
1874,USC00519281,2017-03-07,62.0
1875,USC00519281,2017-03-08,64.0
1876,USC00519281,2017-03-09,67.0
1877,USC00519281,2017-03-10,66.0
1878,USC00519281,2017-03-11,81.0
1879,USC00519281,2017-03-12,69.0
1880,USC00519281,2017-03-13,66.0
1881,USC00519281,2017-03-14,67.0
1882,USC00519281,2017-03-15,69.0
1883,USC00519281,2017-03-16,66.0
1884,USC00519281,2017-03-17,68.0
1885,USC00519281,2017-03-18,65.0
1886,USC00519281,2017-03-19,74.0
1887,USC00519281,2017-03-20,69.0
1888,USC00519281,2017-03-21,72.0
1889,USC00519281,2017-03-22,73.0
1890,USC00519281,2017-03-23,72.0
1891,USC00519281,2017-03-24,71.0
1892,USC00519281,2017-03-25,76.0
1893,USC00519281,2017-03-26,77.0
1894,USC00519281,2017-03-27,76.0
1895,USC00519281,2017-03-28,74.0
1896,USC00519281,2017-03-29,68.0
1897,USC00519281,2017-03-30,73.0
1898,USC00519281,2017-03-31,71.0
1899,USC00519281,2017-04-01,74.0
1900,USC00519281,2017-04-02,75.0
1901,USC00519281,2017-04-03,70.0
1902,USC00519281,2017-04-04,67.0
1903,USC00519281,2017-04-05,71.0
1904,USC00519281,2017-04-06,67.0
1905,USC00519281,2017-04-07,74.0
1906,USC00519281,2017-04-08,77.0
1907,USC00519281,2017-04-09,78.0
1908,USC00519281,2017-04-10,67.0
1909,USC00519281,2017-04-11,70.0
1910,USC00519281,2017-04-12,69.0
1911,USC00519281,2017-04-13,69.0
1912,USC00519281,2017-04-14,74.0
1913,USC00519281,2017-04-15,78.0
1914,USC00519281,2017-04-16,71.0
1915,USC00519281,2017-04-17,67.0
1916,USC00519281,2017-04-18,68.0
1917,USC00519281,2017-04-19,67.0
1918,USC00519281,2017-04-20,76.0
1919,USC00519281,2017-04-21,69.0
1920,USC00519281,2017-04-22,72.0
1921,USC00519281,2017-04-23,76.0
1922,USC00519281,2017-04-24,68.0
1923,USC00519281,2017-04-25,72.0
1924,USC00519281,2017-04-26,74.0
1925,USC00519281,2017-04-27,70.0
1926,USC00519281,2017-04-28,67.0
1927,USC00519281,2017-04-29,72.0
1928,USC00519281,2017-04-30,60.0
1929,USC00519281,2017-05-01,65.0
1930,USC00519281,2017-05-02,75.0
1931,USC00519281,2017-05-03,70.0
1932,USC00519281,2017-05-04,75.0
1933,USC00519281,2017-05-05,70.0
1934,USC00519281,2017-05-06,79.0
1935,USC00519281,2017-05-07,75.0
1936,USC00519281,2017-05-08,70.0
1937,USC00519281,2017-05-09,67.0
1938,USC00519281,2017-05-10,74.0
1939,USC00519281,2017-05-11,70.0
1940,USC00519281,2017-05-12,75.0
1941,USC00516128,2016-05-14,71.0
1942,USC00516128,2016-05-15,73.0
1943,USC00516128,2016-05-16,71.0
1944,USC00516128,2016-05-17,71.0
1945,USC00516128,2016-05-18,70.0
1946,USC00516128,2016-05-19,71.0
1947,USC00516128,2016-05-20,71.0
1948,USC00516128,2016-05-23,73.0
1949,USC00516128,2016-05-24,70.0
1950,USC00516128,2016-05-25,69.0
1951,USC00516128,2016-05-26,71.0
1952,USC00516128,2016-05-30,72.0
1953,USC00516128,2016-05-31,69.0
1954,USC00516128,2016-06-01,70.0
1955,USC00516128,2016-06-02,71.0
1956,USC00516128,2016-06-03,70.0
1957,USC00516128,2016-06-05,73.0
1958,USC00516128,2016-06-06,72.0
1959,USC00516128,2016-06-07,71.0
1960,USC00516128,2016-06-08,71.0
1961,USC00516128,2016-06-09,69.0
1962,USC00516128,2016-06-10,70.0
1963,USC00516128,2016-06-11,73.0
1964,USC00516128,2016-06-12,75.0
1965,USC00516128,2016-06-13,73.0
1966,USC00516128,2016-06-14,72.0
1967,USC00516128,2016-06-15,70.0
1968,USC00516128,2016-06-16,70.0
1969,USC00516128,2016-06-17,69.0
1970,USC00516128,2016-06-18,73.0
1971,USC00516128,2016-06-19,74.0
1972,USC00516128,2016-06-20,72.0
1973,USC00516128,2016-06-21,71.0
1974,USC00516128,2016-06-22,73.0
1975,USC00516128,2016-06-23,72.0
1976,USC00516128,2016-06-25,73.0
1977,USC00516128,2016-06-26,74.0
1978,USC00516128,2016-06-27,72.0
1979,USC00516128,2016-06-28,74.0
1980,USC00516128,2016-06-29,72.0
1981,USC00516128,2016-07-01,74.0
1982,USC00516128,2016-07-04,74.0
1983,USC00516128,2016-07-05,71.0
1984,USC00516128,2016-07-06,71.0
1985,USC00516128,2016-07-07,73.0
1986,USC00516128,2016-07-08,73.0
1987,USC00516128,2016-07-09,71.0
1988,USC00516128,2016-07-10,76.0
1989,USC00516128,2016-07-11,72.0
1990,USC00516128,2016-07-12,75.0
1991,USC00516128,2016-07-13,75.0
1992,USC00516128,2016-07-14,73.0
1993,USC00516128,2016-07-15,71.0
1994,USC00516128,2016-07-16,77.0
1995,USC00516128,2016-07-17,74.0
1996,USC00516128,2016-07-18,72.0
1997,USC00516128,2016-07-19,73.0
1998,USC00516128,2016-07-20,74.0
1999,USC00516128,2016-07-23,74.0
2000,USC00516128,2016-07-24,75.0
2001,USC00516128,2016-07-25,81.0
2002,USC00516128,2016-07-26,76.0
2003,USC00516128,2016-07-27,76.0
2004,USC00516128,2016-07-28,76.0
2005,USC00516128,2016-07-29,74.0
2006,USC00516128,2016-07-30,76.0
2007,USC00516128,2016-07-31,75.0
2008,USC00516128,2016-08-01,73.0
2009,USC00516128,2016-08-02,72.0
2010,USC00516128,2016-08-03,74.0
2011,USC00516128,2016-08-04,74.0
2012,USC00516128,2016-08-05,75.0
2013,USC00516128,2016-08-06,77.0
2014,USC00516128,2016-08-07,79.0
2015,USC00516128,2016-08-08,75.0
2016,USC00516128,2016-08-09,73.0
2017,USC00516128,2016-08-10,76.0
2018,USC00516128,2016-08-11,74.0
2019,USC00516128,2016-08-12,71.0
2020,USC00516128,2016-08-13,74.0
2021,USC00516128,2016-08-14,72.0
2022,USC00516128,2016-08-15,72.0
2023,USC00516128,2016-08-16,72.0
2024,USC00516128,2016-08-17,77.0
2025,USC00516128,2016-08-18,73.0
2026,USC00516128,2016-08-19,73.0
2027,USC00516128,2016-08-20,76.0
2028,USC00516128,2016-08-21,74.0
2029,USC00516128,2016-08-22,72.0
2030,USC00516128,2016-08-23,74.0
2031,USC00516128,2016-08-24,74.0
2032,USC00516128,2016-08-25,77.0
2033,USC00516128,2016-08-27,74.0
2034,USC00516128,2016-08-28,71.0
2035,USC00516128,2016-08-29,78.0
2036,USC00516128,2016-08-30,75.0
2037,USC00516128,2016-08-31,76.0
2038,USC00516128,2016-09-01,77.0
2039,USC00516128,2016-09-02,75.0
2040,USC00516128,2016-09-03,75.0
2041,USC00516128,2016-09-04,73.0
2042,USC00516128,2016-09-05,76.0
2043,USC00516128,2016-09-06,73.0
2044,USC00516128,2016-09-07,74.0
2045,USC00516128,2016-09-08,74.0
2046,USC00516128,2016-09-09,75.0
2047,USC00516128,2016-09-10,75.0
2048,USC00516128,2016-09-11,71.0
2049,USC00516128,2016-09-12,72.0
2050,USC00516128,2016-09-13,75.0
2051,USC00516128,2016-09-14,73.0
2052,USC00516128,2016-09-15,73.0
2053,USC00516128,2016-09-16,73.0
2054,USC00516128,2016-09-17,76.0
2055,USC00516128,2016-09-18,75.0
2056,USC00516128,2016-09-19,70.0
2057,USC00516128,2016-09-20,70.0
2058,USC00516128,2016-09-21,73.0
2059,USC00516128,2016-09-22,73.0
2060,USC00516128,2016-09-23,73.0
2061,USC00516128,2016-09-24,77.0
2062,USC00516128,2016-09-25,76.0
2063,USC00516128,2016-09-26,74.0
2064,USC00516128,2016-09-27,74.0
2065,USC00516128,2016-09-28,77.0
2066,USC00516128,2016-09-29,77.0
2067,USC00516128,2016-09-30,73.0
2068,USC00516128,2016-10-01,74.0
2069,USC00516128,2016-10-02,73.0
2070,USC00516128,2016-10-03,76.0
2071,USC00516128,2016-10-04,74.0
2072,USC00516128,2016-10-05,75.0
2073,USC00516128,2016-10-06,75.0
2074,USC00516128,2016-10-07,73.0
2075,USC00516128,2016-10-08,74.0
2076,USC00516128,2016-10-09,77.0
2077,USC00516128,2016-10-10,74.0
2078,USC00516128,2016-10-11,74.0
2079,USC00516128,2016-10-12,78.0
2080,USC00516128,2016-10-13,75.0
2081,USC00516128,2016-10-14,73.0
2082,USC00516128,2016-10-15,74.0
2083,USC00516128,2016-10-16,77.0
2084,USC00516128,2016-10-17,70.0
2085,USC00516128,2016-10-18,74.0
2086,USC00516128,2016-10-19,70.0
2087,USC00516128,2016-10-20,73.0
2088,USC00516128,2016-10-21,74.0
2089,USC00516128,2016-10-22,75.0
2090,USC00516128,2016-10-23,72.0
2091,USC00516128,2016-10-24,71.0
2092,USC00516128,2016-10-25,74.0
2093,USC00516128,2016-10-26,75.0
2094,USC00516128,2016-10-27,71.0
2095,USC00516128,2016-10-28,68.0
2096,USC00516128,2016-10-29,71.0
2097,USC00516128,2016-10-30,76.0
2098,USC00516128,2016-10-31,69.0
2099,USC00516128,2016-11-01,73.0
2100,USC00516128,2016-11-02,76.0
2101,USC00516128,2016-11-03,74.0
2102,USC00516128,2016-11-04,74.0
2103,USC00516128,2016-11-05,69.0
2104,USC00516128,2016-11-06,77.0
2105,USC00516128,2016-11-07,71.0
2106,USC00516128,2016-11-08,71.0
2107,USC00516128,2016-11-09,71.0
2108,USC00516128,2016-11-10,71.0
2109,USC00516128,2016-11-11,67.0
2110,USC00516128,2016-11-12,73.0
2111,USC00516128,2016-11-13,72.0
2112,USC00516128,2016-11-14,74.0
2113,USC00516128,2016-11-15,72.0
2114,USC00516128,2016-11-16,72.0
2115,USC00516128,2016-11-17,75.0
2116,USC00516128,2016-11-20,74.0
2117,USC00516128,2016-11-21,71.0
2118,USC00516128,2016-11-22,73.0
2119,USC00516128,2016-11-23,69.0
2120,USC00516128,2016-11-24,69.0
2121,USC00516128,2016-11-25,69.0
2122,USC00516128,2016-11-26,70.0
2123,USC00516128,2016-11-27,69.0
2124,USC00516128,2016-11-28,71.0
2125,USC00516128,2016-11-29,67.0
2126,USC00516128,2016-11-30,72.0
2127,USC00516128,2016-12-01,71.0
2128,USC00516128,2016-12-02,71.0
2129,USC00516128,2016-12-03,67.0
2130,USC00516128,2016-12-04,76.0
2131,USC00516128,2016-12-05,67.0
2132,USC00516128,2016-12-06,67.0
2133,USC00516128,2016-12-07,68.0
2134,USC00516128,2016-12-08,71.0
2135,USC00516128,2016-12-09,68.0
2136,USC00516128,2016-12-10,68.0
2137,USC00516128,2016-12-11,69.0
2138,USC00516128,2016-12-12,65.0
2139,USC00516128,2016-12-13,70.0
2140,USC00516128,2016-12-14,69.0
2141,USC00516128,2016-12-15,64.0
2142,USC00516128,2016-12-16,60.0
2143,USC00516128,2016-12-18,67.0
2144,USC00516128,2016-12-19,72.0
2145,USC00516128,2016-12-20,73.0
2146,USC00516128,2016-12-21,70.0
2147,USC00516128,2016-12-22,68.0
2148,USC00516128,2016-12-23,69.0
2149,USC00516128,2016-12-24,69.0
2150,USC00516128,2016-12-25,69.0
2151,USC00516128,2016-12-26,71.0
2152,USC00516128,2016-12-27,71.0
2153,USC00516128,2016-12-28,71.0
2154,USC00516128,2016-12-29,69.0
2155,USC00516128,2016-12-30,65.0
2156,USC00516128,2016-12-31,65.0
2157,USC00516128,2017-01-01,68.0
2158,USC00516128,2017-01-02,70.0
2159,USC00516128,2017-01-03,71.0
2160,USC00516128,2017-01-04,70.0
2161,USC00516128,2017-01-05,71.0
2162,USC00516128,2017-01-06,65.0
2163,USC00516128,2017-01-07,70.0
2164,USC00516128,2017-01-08,66.0
2165,USC00516128,2017-01-09,69.0
2166,USC00516128,2017-01-10,64.0
2167,USC00516128,2017-01-11,66.0
2168,USC00516128,2017-01-12,68.0
2169,USC00516128,2017-01-13,67.0
2170,USC00516128,2017-01-14,70.0
2171,USC00516128,2017-01-15,68.0
2172,USC00516128,2017-01-16,68.0
2173,USC00516128,2017-01-17,69.0
2174,USC00516128,2017-01-18,73.0
2175,USC00516128,2017-01-19,71.0
2176,USC00516128,2017-01-20,67.0
2177,USC00516128,2017-01-21,67.0
2178,USC00516128,2017-01-22,68.0
2179,USC00516128,2017-01-23,70.0
2180,USC00516128,2017-01-24,67.0
2181,USC00516128,2017-01-25,69.0
2182,USC00516128,2017-01-26,67.0
2183,USC00516128,2017-01-27,69.0
2184,USC00516128,2017-01-28,64.0
2185,USC00516128,2017-01-29,67.0
2186,USC00516128,2017-01-30,66.0
2187,USC00516128,2017-01-31,65.0
2188,USC00516128,2017-02-01,65.0
2189,USC00516128,2017-02-02,60.0
2190,USC00516128,2017-02-04,66.0
2191,USC00516128,2017-02-05,69.0
2192,USC00516128,2017-02-06,73.0
2193,USC00516128,2017-02-07,68.0
2194,USC00516128,2017-02-08,68.0
2195,USC00516128,2017-02-09,64.0
2196,USC00516128,2017-02-10,70.0
2197,USC00516128,2017-02-11,66.0
2198,USC00516128,2017-02-12,65.0
2199,USC00516128,2017-02-13,68.0
2200,USC00516128,2017-02-14,79.0
2201,USC00516128,2017-02-15,71.0
2202,USC00516128,2017-02-16,72.0
2203,USC00516128,2017-02-18,72.0
2204,USC00516128,2017-02-19,68.0
2205,USC00516128,2017-02-20,69.0
2206,USC00516128,2017-02-21,65.0
2207,USC00516128,2017-02-22,69.0
2208,USC00516128,2017-02-23,72.0
2209,USC00516128,2017-02-24,68.0
2210,USC00516128,2017-02-25,66.0
2211,USC00516128,2017-02-26,64.0
2212,USC00516128,2017-02-27,69.0
2213,USC00516128,2017-02-28,69.0
2214,USC00516128,2017-03-01,64.0
2215,USC00516128,2017-03-02,72.0
2216,USC00516128,2017-03-03,78.0
2217,USC00516128,2017-03-04,70.0
2218,USC00516128,2017-03-05,68.0
2219,USC00516128,2017-03-06,76.0
2220,USC00516128,2017-03-07,72.0
2221,USC00516128,2017-03-08,68.0
2222,USC00516128,2017-03-09,72.0
2223,USC00516128,2017-03-10,65.0
2224,USC00516128,2017-03-11,82.0
2225,USC00516128,2017-03-13,69.0
2226,USC00516128,2017-03-14,75.0
2227,USC00516128,2017-03-15,76.0
2228,USC00516128,2017-03-16,77.0
2229,USC00516128,2017-03-18,70.0
2230,USC00516128,2017-03-19,74.0
2231,USC00516128,2017-03-20,74.0
2232,USC00516128,2017-03-21,72.0
2233,USC00516128,2017-03-22,72.0
2234,USC00516128,2017-03-23,70.0
2235,USC00516128,2017-03-24,70.0
2236,USC00516128,2017-03-25,72.0
2237,USC00516128,2017-03-26,72.0
2238,USC00516128,2017-03-27,74.0
2239,USC00516128,2017-03-28,69.0
2240,USC00516128,2017-03-29,69.0
2241,USC00516128,2017-03-31,76.0
2242,USC00516128,2017-04-01,69.0
2243,USC00516128,2017-04-02,71.0
2244,USC00516128,2017-04-03,73.0
2245,USC00516128,2017-04-04,75.0
2246,USC00516128,2017-04-05,69.0
2247,USC00516128,2017-04-06,72.0
2248,USC00516128,2017-04-08,76.0
2249,USC00516128,2017-04-09,70.0
2250,USC00516128,2017-04-10,72.0
2251,USC00516128,2017-04-11,71.0
2252,USC00516128,2017-04-12,70.0
2253,USC00516128,2017-04-13,73.0
2254,USC00516128,2017-04-14,72.0
2255,USC00516128,2017-04-15,70.0
2256,USC00516128,2017-04-16,71.0
2257,USC00516128,2017-04-17,69.0
2258,USC00516128,2017-04-18,71.0
2259,USC00516128,2017-04-19,71.0
2260,USC00516128,2017-04-20,69.0
2261,USC00516128,2017-04-21,70.0
2262,USC00516128,2017-04-22,73.0
2263,USC00516128,2017-04-23,70.0
2264,USC00516128,2017-04-24,75.0
2265,USC00516128,2017-04-25,74.0
2266,USC00516128,2017-04-26,77.0
2267,USC00516128,2017-04-27,76.0
2268,USC00516128,2017-04-28,71.0
2269,USC00516128,2017-04-29,68.0
2270,USC00516128,2017-04-30,58.0
2271,USC00516128,2017-05-01,73.0
2272,USC00516128,2017-05-02,79.0
2273,USC00516128,2017-05-04,74.0
2274,USC00516128,2017-05-05,74.0
2275,USC00516128,2017-05-06,74.0
2276,USC00516128,2017-05-07,70.0
2277,USC00516128,2017-05-08,66.0
2278,USC00516128,2017-05-09,72.0
2279,USC00516128,2017-05-10,72.0
2280,USC00516128,2017-05-11,78.0
2281,USC00516128,2017-05-12,70.0
